id,name,phone,email,state,city
1,Debra Burks,613372688,debra.burks@yahoo.com,NY,Orchard Park
2,Kasha Todd,642368046,kasha.todd@yahoo.com,CA,Campbell
3,Tameka Fisher,552832578,tameka.fisher@aol.com,CA,Redondo Beach
4,Daryl Spence,875952222,daryl.spence@aol.com,NY,Uniondale
5,Charolette Rice,513305349,charolette.rice@msn.com,CA,Sacramento
6,Lyndsey Bean,263598066,lyndsey.bean@hotmail.com,NY,Fairport
7,Latasha Hays,476785694,latasha.hays@hotmail.com,NY,Buffalo
8,Jacquline Duncan,780810747,jacquline.duncan@yahoo.com,NY,Jackson Heights
9,Genoveva Baldwin,433895888,genoveva.baldwin@msn.com,NY,Port Washington
10,Pamelia Newman,476662081,pamelia.newman@gmail.com,NY,Monroe
11,Deshawn Mendoza,558469940,deshawn.mendoza@yahoo.com,NY,Monsey
12,Robby Sykes,827232661,robby.sykes@hotmail.com,NY,Hempstead
13,Lashawn Ortiz,265682498,lashawn.ortiz@msn.com,TX,Longview
14,Garry Espinoza,499118276,garry.espinoza@hotmail.com,TX,Forney
15,Linnie Branch,246308352,linnie.branch@gmail.com,NY,Plattsburgh
16,Emmitt Sanchez,744464121,emmitt.sanchez@hotmail.com,NY,New York
17,Caren Stephens,863854733,caren.stephens@msn.com,NY,Scarsdale
18,Georgetta Hardin,622540626,georgetta.hardin@aol.com,NY,Canandaigua
19,Lizzette Stein,168332139,lizzette.stein@yahoo.com,NY,Orchard Park
20,Aleta Shepard,983970905,aleta.shepard@aol.com,TX,Sugar Land
21,Tobie Little,140873614,tobie.little@gmail.com,TX,Victoria
22,Adelle Larsen,509495765,adelle.larsen@gmail.com,NY,East Northport
23,Kaylee English,733198668,kaylee.english@msn.com,NY,Hollis
24,Corene Wall,473589728,corene.wall@msn.com,CA,Atwater
25,Regenia Vaughan,368722256,regenia.vaughan@gmail.com,NY,Mahopac
26,Theo Reese,377199755,theo.reese@gmail.com,NY,Long Beach
27,Santos Valencia,387092048,santos.valencia@yahoo.com,NY,Sunnyside
28,Jeanice Frost,643096953,jeanice.frost@hotmail.com,NY,Ossining
29,Syreeta Hendricks,665654491,syreeta.hendricks@msn.com,NY,Mahopac
30,Jamaal Albert,624457908,jamaal.albert@gmail.com,CA,Torrance
31,Williemae Holloway,365653654,williemae.holloway@msn.com,CA,Oakland
32,Araceli Golden,664610926,araceli.golden@msn.com,CA,Fullerton
33,Deloris Burke,735219012,deloris.burke@hotmail.com,CA,Palos Verdes Peninsula
34,Brittney Woodward,992608934,brittney.woodward@aol.com,NY,East Northport
35,Guillermina Noble,569821279,guillermina.noble@msn.com,NY,Baldwinsville
36,Bernita Mcdaniel,561207226,bernita.mcdaniel@hotmail.com,NY,Liverpool
37,Melia Brady,295083733,melia.brady@gmail.com,NY,Maspeth
38,Zelma Browning,241717254,zelma.browning@aol.com,NY,Astoria
39,Janetta Aguirre,890973563,janetta.aguirre@aol.com,NY,Lancaster
40,Ronna Butler,640017826,ronna.butler@gmail.com,CA,Encino
41,Kathie Freeman,147566077,kathie.freeman@msn.com,NY,Queensbury
42,Tangela Quinn,819987496,tangela.quinn@aol.com,NY,Richmond Hill
43,Mozelle Carter,483791883,mozelle.carter@aol.com,TX,Houston
44,Onita Johns,160634602,onita.johns@msn.com,NY,Elmont
45,Bennett Armstrong,349364232,bennett.armstrong@aol.com,NY,Bethpage
46,Monika Berg,728546512,monika.berg@gmail.com,CA,Encino
47,Bridgette Guerra,880809483,bridgette.guerra@hotmail.com,CA,San Lorenzo
48,Cesar Jackson,429071997,cesar.jackson@gmail.com,NY,Liverpool
49,Caroll Hays,702898702,caroll.hays@yahoo.com,NY,Fairport
50,Cleotilde Booth,476141299,cleotilde.booth@gmail.com,TX,Sugar Land
51,Gertrud Rhodes,695008205,gertrud.rhodes@aol.com,NY,Merrick
52,Tu Ramirez,435390412,tu.ramirez@hotmail.com,NY,East Elmhurst
53,Saturnina Garner,510601080,saturnina.garner@gmail.com,CA,Glendora
54,Fran Yang,610575678,fran.yang@hotmail.com,NY,Utica
55,Diana Guerra,222039642,diana.guerra@hotmail.com,NY,Merrick
56,Lolita Mosley,581851372,lolita.mosley@hotmail.com,TX,Houston
57,Pamala Henry,539809770,pamala.henry@aol.com,NY,Bronx
58,Damien Dorsey,916092300,damien.dorsey@yahoo.com,NY,Central Islip
59,Latasha Stanley,595288767,latasha.stanley@gmail.com,NY,Rockville Centre
60,Neil Mccall,535981045,neil.mccall@gmail.com,CA,San Carlos
61,Elinore Aguilar,118995501,elinore.aguilar@msn.com,TX,San Angelo
62,Alica Hunter,755184016,alica.hunter@hotmail.com,NY,East Elmhurst
63,Tenisha Lyons,833913558,tenisha.lyons@aol.com,NY,Amityville
64,Bobbie Foster,958532982,bobbie.foster@yahoo.com,TX,Desoto
65,Kanesha Vega,375707453,kanesha.vega@gmail.com,NY,Rome
66,Lorrie Becker,713857236,lorrie.becker@yahoo.com,TX,Garland
67,Tommie Melton,679319143,tommie.melton@gmail.com,CA,Sacramento
68,Jayne Kirkland,270181996,jayne.kirkland@hotmail.com,TX,Rowlett
69,Katelin Kennedy,263409576,katelin.kennedy@gmail.com,CA,Rocklin
70,Tomasa Carson,249336193,tomasa.carson@aol.com,NY,East Elmhurst
71,Takako Casey,661905518,takako.casey@aol.com,NY,Bronx
72,Petronila Norris,970748887,petronila.norris@aol.com,CA,South El Monte
73,Melanie Hayes,289003928,melanie.hayes@msn.com,NY,Liverpool
74,Georgeann Waller,657595494,georgeann.waller@yahoo.com,NY,North Tonawanda
75,Abby Gamble,247153671,abby.gamble@aol.com,NY,Amityville
76,Parker Prince,150816777,parker.prince@hotmail.com,NY,Port Jefferson Station
77,Keri Bridges,513648821,keri.bridges@gmail.com,TX,Richardson
78,Chi Goff,626843647,chi.goff@aol.com,CA,Palos Verdes Peninsula
79,Ashanti Parks,737457747,ashanti.parks@hotmail.com,NY,Baldwin
80,Sarai Mckee,768793443,sarai.mckee@msn.com,NY,Buffalo
81,Zina Bonner,786575127,zina.bonner@hotmail.com,CA,San Lorenzo
82,Lizzie Joyner,994425547,lizzie.joyner@msn.com,CA,Coachella
83,Tiesha Daniel,279342465,tiesha.daniel@yahoo.com,NY,Scarsdale
84,Armand Whitehead,220716736,armand.whitehead@hotmail.com,NY,Lindenhurst
85,Teofila Fischer,976172789,teofila.fischer@aol.com,NY,Huntington Station
86,Lissa Vargas,851860827,lissa.vargas@yahoo.com,NY,Oswego
87,Yan Mcgowan,804747757,yan.mcgowan@msn.com,CA,Duarte
88,Titus Bullock,709575470,titus.bullock@gmail.com,NY,Hollis
89,Arvilla Osborn,661768704,arvilla.osborn@gmail.com,CA,Upland
90,Marjorie Logan,971721997,marjorie.logan@msn.com,NY,Franklin Square
91,Marvin Mullins,777979975,marvin.mullins@aol.com,CA,San Diego
92,Tena Cruz,784109224,tena.cruz@yahoo.com,NY,Farmingdale
93,Corrina Sawyer,692414204,corrina.sawyer@yahoo.com,NY,Troy
94,Sharyn Hopkins,394389198,sharyn.hopkins@hotmail.com,NY,Baldwinsville
95,Letitia Franco,707640258,letitia.franco@aol.com,NY,Saratoga Springs
96,Floretta Higgins,994168381,floretta.higgins@hotmail.com,NY,Bayside
97,Louanne Martin,228403315,louanne.martin@hotmail.com,CA,Yuba City
98,Violet Valenzuela,263622656,violet.valenzuela@msn.com,NY,Plattsburgh
99,Carie Kidd,535907542,carie.kidd@yahoo.com,NY,Monroe
100,Kellie Franco,541739860,kellie.franco@yahoo.com,NY,Commack
101,Nichelle Howell,874556134,nichelle.howell@aol.com,NY,Scarsdale
102,Marisol Goodman,374514164,marisol.goodman@gmail.com,NY,Canandaigua
103,Sylvie Wilkerson,513741798,sylvie.wilkerson@yahoo.com,NY,Syosset
104,Katharina Bates,968973030,katharina.bates@gmail.com,CA,Campbell
105,Marget Hodge,222732909,marget.hodge@msn.com,NY,Woodhaven
106,Raul Melendez,641996763,raul.melendez@hotmail.com,NY,Elmhurst
107,Cecil Hopper,776028186,cecil.hopper@yahoo.com,NY,Central Islip
108,Shae Hickman,239410128,shae.hickman@hotmail.com,NY,Floral Park
109,Monica Sears,138782109,monica.sears@aol.com,CA,San Jose
110,Ollie Zimmerman,686719297,ollie.zimmerman@yahoo.com,CA,Anaheim
111,Shila White,968780813,shila.white@msn.com,NY,Orchard Park
112,Yuk Vega,800968412,yuk.vega@yahoo.com,NY,West Hempstead
113,Eliana Silva,734947107,eliana.silva@gmail.com,NY,Farmingdale
114,Thalia Horne,927583919,thalia.horne@yahoo.com,NY,Amityville
115,Rey Lindsay,390506592,rey.lindsay@gmail.com,NY,Monroe
116,Merlene Vinson,561748752,merlene.vinson@gmail.com,TX,Euless
117,Dacia William,884871492,dacia.william@msn.com,TX,Sugar Land
118,Le Wood,615987091,le.wood@yahoo.com,NY,Pittsford
119,Thalia Dillard,454649292,thalia.dillard@yahoo.com,TX,San Angelo
120,Luz House,262520229,luz.house@gmail.com,CA,Fresno
121,Lucy Woods,146737965,lucy.woods@gmail.com,CA,Palos Verdes Peninsula
122,Shena Carter,884387037,shena.carter@yahoo.com,NY,Howard Beach
123,Robena Hill,833879315,robena.hill@hotmail.com,TX,Corpus Christi
124,Jeni Booker,427917964,jeni.booker@gmail.com,CA,South El Monte
125,Herlinda Stone,557346609,herlinda.stone@msn.com,NY,Canandaigua
126,Lavina Dejesus,362871623,lavina.dejesus@msn.com,NY,Newburgh
127,Erlinda Nielsen,680174677,erlinda.nielsen@aol.com,NY,Maspeth
128,Terrance Lynn,398883391,terrance.lynn@yahoo.com,NY,Plattsburgh
129,Walton Dejesus,255629868,walton.dejesus@yahoo.com,NY,Lockport
130,Wes Stanton,310009075,wes.stanton@msn.com,NY,Troy
131,Tanesha Hampton,599421506,tanesha.hampton@hotmail.com,NY,Syosset
132,Boyd Irwin,366955698,boyd.irwin@hotmail.com,NY,Hamburg
133,Delbert Wilkins,611442500,delbert.wilkins@aol.com,NY,Coram
134,Brianna Moss,850216666,brianna.moss@msn.com,NY,Hempstead
135,Dorthey Jackson,658164244,dorthey.jackson@msn.com,TX,Houston
136,Sarita Parks,194842606,sarita.parks@msn.com,TX,Forney
137,Shonta Mercer,563698160,shonta.mercer@aol.com,NY,Massapequa
138,Jone Bernard,287496436,jone.bernard@hotmail.com,CA,Anaheim
139,Wanita Davenport,907555758,wanita.davenport@aol.com,NY,Spring Valley
140,Cleopatra Tate,756734107,cleopatra.tate@aol.com,NY,East Elmhurst
141,Ramiro Byers,693378854,ramiro.byers@gmail.com,NY,Saint Albans
142,Nicholas Vazquez,602064440,nicholas.vazquez@hotmail.com,NY,West Hempstead
143,Janae Doyle,781145886,janae.doyle@gmail.com,NY,Jackson Heights
144,Hans Price,336738068,hans.price@hotmail.com,NY,Port Chester
145,Miquel Neal,887328788,miquel.neal@hotmail.com,NY,Staten Island
146,Stefany Potter,759290906,stefany.potter@gmail.com,NY,Saratoga Springs
147,Bernetta Marquez,782152330,bernetta.marquez@hotmail.com,NY,Smithtown
148,Julee Woodard,193968876,julee.woodard@yahoo.com,NY,Richmond Hill
149,Meredith Bryan,391380691,meredith.bryan@hotmail.com,NY,Spring Valley
150,Weldon Michael,900951984,weldon.michael@hotmail.com,NY,Huntington
151,Joesph Delacruz,409228332,joesph.delacruz@aol.com,CA,Atwater
152,Katherina Odom,244277992,katherina.odom@yahoo.com,NY,Plainview
153,Laraine Robbins,753180504,laraine.robbins@yahoo.com,TX,San Angelo
154,Jenise Preston,225466642,jenise.preston@yahoo.com,TX,Helotes
155,Lory Page,445328174,lory.page@hotmail.com,NY,Bay Shore
156,Charlyn Cantrell,279117328,charlyn.cantrell@yahoo.com,NY,West Islip
157,Carola Rodriquez,550484509,carola.rodriquez@hotmail.com,CA,Banning
158,Alane Kennedy,130103959,alane.kennedy@yahoo.com,NY,Spring Valley
159,Regina Burns,121522592,regina.burns@aol.com,TX,Garland
160,Omer Estrada,669251734,omer.estrada@gmail.com,TX,Rowlett
161,Crystle Gilliam,387727288,crystle.gilliam@yahoo.com,NY,Smithtown
162,Kam Wilder,342021519,kam.wilder@hotmail.com,NY,Newburgh
163,Margert Stevens,986998263,margert.stevens@aol.com,NY,Rome
164,Tomika Larson,321456877,tomika.larson@yahoo.com,NY,Woodside
165,Jeromy Burch,611864227,jeromy.burch@msn.com,CA,San Jose
166,Lena Mills,774975167,lena.mills@yahoo.com,NY,Woodhaven
167,Loreta Johnston,555861465,loreta.johnston@yahoo.com,NY,Spring Valley
168,Nettie Mcdaniel,647098390,nettie.mcdaniel@hotmail.com,NY,South Ozone Park
169,Karla Kirk,213187911,karla.kirk@yahoo.com,CA,Palos Verdes Peninsula
170,Regine Gonzales,616668655,regine.gonzales@gmail.com,CA,Oxnard
171,Miriam Baker,795533077,miriam.baker@hotmail.com,NY,Uniondale
172,Jeanie Kirkland,354783776,jeanie.kirkland@aol.com,CA,Santa Clara
173,Marquerite Dawson,767364415,marquerite.dawson@gmail.com,TX,Garland
174,Babara Ochoa,573749041,babara.ochoa@aol.com,NY,Scarsdale
175,Nova Hess,392586356,nova.hess@msn.com,CA,Duarte
176,Carley Reynolds,436420479,carley.reynolds@gmail.com,CA,South El Monte
177,Carissa Foreman,527075367,carissa.foreman@msn.com,NY,Maspeth
178,Genoveva Tyler,698493886,genoveva.tyler@gmail.com,NY,New York
179,Deane Sears,358945651,deane.sears@hotmail.com,NY,Pittsford
180,Karey Steele,638518562,karey.steele@gmail.com,NY,Farmingdale
181,Olevia Pitts,768069402,olevia.pitts@gmail.com,CA,Redondo Beach
182,Jenniffer Bullock,420909184,jenniffer.bullock@msn.com,NY,Bay Shore
183,Jeniffer Ratliff,564289398,jeniffer.ratliff@gmail.com,NY,Floral Park
184,Klara Stanley,625767585,klara.stanley@aol.com,NY,Webster
185,Morton Lee,738950076,morton.lee@yahoo.com,TX,San Angelo
186,Ken Charles,658478053,ken.charles@msn.com,NY,Monsey
187,Hedwig Paul,202958640,hedwig.paul@msn.com,CA,Apple Valley
188,Sharla Flynn,732934485,sharla.flynn@hotmail.com,CA,Oxnard
189,Damian Dawson,903470049,damian.dawson@hotmail.com,NY,Liverpool
190,Toya Pratt,365093614,toya.pratt@yahoo.com,NY,Long Beach
191,Graciela Barber,725726509,graciela.barber@hotmail.com,CA,Oxnard
192,Bong Hebert,371183108,bong.hebert@gmail.com,CA,Torrance
193,Ayanna Rhodes,932979677,ayanna.rhodes@msn.com,NY,Hicksville
194,Dorine Roberson,795813325,dorine.roberson@msn.com,CA,Santa Cruz
195,Addie Hahn,674916411,addie.hahn@hotmail.com,NY,Franklin Square
196,Edythe Valencia,704286914,edythe.valencia@yahoo.com,NY,North Tonawanda
197,Andy O'neill,876887813,andy.o'neill@msn.com,NY,Rego Park
198,Luis Tyler,376453896,luis.tyler@gmail.com,TX,Amarillo
199,Clelia Workman,174013509,clelia.workman@yahoo.com,NY,New Windsor
200,Ashely Holmes,502765119,ashely.holmes@aol.com,NY,Farmingdale
201,Candis Harding,810083274,candis.harding@gmail.com,NY,Ballston Spa
202,Marni Bolton,109650371,marni.bolton@msn.com,NY,Lancaster
203,Minerva Decker,610878635,minerva.decker@yahoo.com,TX,Houston
204,Alpha King,225979116,alpha.king@hotmail.com,NY,Rockville Centre
205,Harris Pittman,773763779,harris.pittman@yahoo.com,NY,Jamaica
206,Stephaine Riddle,371152445,stephaine.riddle@hotmail.com,NY,Brooklyn
207,Michel Blankenship,414604469,michel.blankenship@msn.com,TX,Forney
208,Denis Logan,179233743,denis.logan@msn.com,CA,Ridgecrest
209,Jutta Everett,979583822,jutta.everett@gmail.com,NY,Selden
210,Priscilla Wilkins,519528097,priscilla.wilkins@aol.com,NY,Albany
211,Gilma Dejesus,413920386,gilma.dejesus@yahoo.com,NY,Scarsdale
212,Buford Bridges,563505439,buford.bridges@msn.com,NY,Troy
213,Elenore Hensley,360385793,elenore.hensley@hotmail.com,NY,Hamburg
214,Ross Pugh,154736380,ross.pugh@msn.com,NY,North Tonawanda
215,Judith Finley,876230020,judith.finley@hotmail.com,NY,Whitestone
216,Wai Soto,571682570,wai.soto@msn.com,NY,Bethpage
217,Carline Collier,260132193,carline.collier@msn.com,CA,Fresno
218,Casey Gill,179820844,casey.gill@gmail.com,NY,Port Washington
219,Darcie Morgan,351903924,darcie.morgan@aol.com,NY,Oceanside
220,Lucio Sherman,123107066,lucio.sherman@gmail.com,NY,Smithtown
221,Clementine Mooney,524872533,clementine.mooney@yahoo.com,TX,Mcallen
222,Anya Contreras,196633581,anya.contreras@msn.com,NY,East Northport
223,Scarlet Yates,344500231,scarlet.yates@hotmail.com,NY,Patchogue
224,Moses Pope,355182041,moses.pope@yahoo.com,CA,Lawndale
225,Barbera Riggs,373215010,barbera.riggs@aol.com,NY,Plainview
226,Kiana Rivera,375976729,kiana.rivera@gmail.com,NY,Richmond Hill
227,Danielle Bond,242205435,danielle.bond@msn.com,NY,Patchogue
228,Whitney Estes,108473263,whitney.estes@gmail.com,NY,Brentwood
229,Molly Langley,622932041,molly.langley@aol.com,NY,Holbrook
230,Chelsey Hardin,723060726,chelsey.hardin@hotmail.com,NY,Deer Park
231,Jenee Rasmussen,137811684,jenee.rasmussen@hotmail.com,CA,Sacramento
232,Freddie Mathis,285567686,freddie.mathis@hotmail.com,TX,Euless
233,Mariana Strong,331998913,mariana.strong@msn.com,CA,Santa Clara
234,Winfred Harris,775079733,winfred.harris@msn.com,NY,East Meadow
235,Jeromy Elliott,121526109,jeromy.elliott@gmail.com,NY,Bay Shore
236,Verona O'neill,765924587,verona.o'neill@hotmail.com,NY,Selden
237,Elvera Peck,171072968,elvera.peck@yahoo.com,CA,Banning
238,Cindi Larson,446216250,cindi.larson@msn.com,NY,Howard Beach
239,Felice Guzman,575228828,felice.guzman@hotmail.com,CA,Canyon Country
240,Le Deleon,516338076,le.deleon@msn.com,CA,Banning
241,Manie Sanchez,908667231,manie.sanchez@hotmail.com,NY,Queensbury
242,Rutha Howell,808726950,rutha.howell@gmail.com,CA,Canyon Country
243,Natosha Rowland,797720202,natosha.rowland@aol.com,NY,Ballston Spa
244,Jessika Bray,325595927,jessika.bray@yahoo.com,CA,San Pablo
245,Delila Hamilton,178024475,delila.hamilton@yahoo.com,CA,Palos Verdes Peninsula
246,Dionne Norris,334614914,dionne.norris@yahoo.com,NY,Niagara Falls
247,Muriel Juarez,932843741,muriel.juarez@gmail.com,CA,Palos Verdes Peninsula
248,Cecelia Gill,389058572,cecelia.gill@aol.com,TX,Mcallen
249,Magda Eaton,449160648,magda.eaton@aol.com,NY,Ossining
250,Ivonne Yang,528200947,ivonne.yang@gmail.com,TX,El Paso
251,Kasie Rodriquez,277904866,kasie.rodriquez@aol.com,NY,Ballston Spa
252,Eleni Gordon,698731095,eleni.gordon@hotmail.com,NY,Richmond Hill
253,Maurice Norton,454955859,maurice.norton@hotmail.com,CA,Atwater
254,Cristobal Hutchinson,900482562,cristobal.hutchinson@gmail.com,CA,Lawndale
255,Flossie Holder,431847670,flossie.holder@msn.com,NY,Massapequa Park
256,Erma Salinas,604539748,erma.salinas@gmail.com,NY,Merrick
257,Earl Stanley,612386317,earl.stanley@gmail.com,NY,Elmhurst
258,Maribel William,762231099,maribel.william@aol.com,CA,Torrance
259,Johnathan Velazquez,496758760,johnathan.velazquez@hotmail.com,CA,Pleasanton
260,Rodrick Shelton,351771801,rodrick.shelton@hotmail.com,CA,Canyon Country
261,Ferne Kline,762306540,ferne.kline@hotmail.com,CA,Fullerton
262,Rubin Decker,204672512,rubin.decker@gmail.com,NY,Buffalo
263,Dortha Jarvis,532444157,dortha.jarvis@yahoo.com,NY,Oceanside
264,Mariela Huffman,171091696,mariela.huffman@gmail.com,NY,Garden City
265,Mellisa Farley,100521075,mellisa.farley@yahoo.com,NY,Central Islip
266,Myung Hooper,282854222,myung.hooper@gmail.com,NY,Elmont
267,Angelina Lloyd,482001312,angelina.lloyd@yahoo.com,CA,Apple Valley
268,Trinity Riddle,436673422,trinity.riddle@aol.com,NY,Ballston Spa
269,Barton Crosby,971457495,barton.crosby@msn.com,NY,Bellmore
270,Claudio Wise,234256930,claudio.wise@hotmail.com,NY,Kingston
271,Katheleen Marks,610072593,katheleen.marks@yahoo.com,TX,Longview
272,Deja Chaney,546819070,deja.chaney@hotmail.com,NY,Jamaica
273,Queenie Vance,867284781,queenie.vance@gmail.com,NY,Ozone Park
274,Josh Shaw,559668102,josh.shaw@gmail.com,NY,Hopewell Junction
275,Pinkie Kirkland,129239648,pinkie.kirkland@yahoo.com,TX,San Angelo
276,Lavette Wright,399796476,lavette.wright@msn.com,NY,Ronkonkoma
277,Mark Garrett,873644331,mark.garrett@msn.com,NY,Monroe
278,Myesha Burgess,294374485,myesha.burgess@gmail.com,CA,Campbell
279,Justina Long,272704195,justina.long@aol.com,CA,South El Monte
280,Brenda Tate,266127068,brenda.tate@msn.com,TX,San Angelo
281,Rayna Perry,107863647,rayna.perry@hotmail.com,NY,Ozone Park
282,Randolph Chase,497995499,randolph.chase@yahoo.com,CA,San Lorenzo
283,Jaimee Day,824777833,jaimee.day@aol.com,NY,Poughkeepsie
284,Susann Bass,980754639,susann.bass@msn.com,NY,Commack
285,Leola Gould,593296997,leola.gould@gmail.com,NY,Astoria
286,Virgil Frost,599163997,virgil.frost@gmail.com,NY,Levittown
287,Mireille Puckett,742674713,mireille.puckett@hotmail.com,CA,Oxnard
288,Keturah Massey,921874075,keturah.massey@msn.com,CA,Banning
289,Charmain Webster,442032346,charmain.webster@hotmail.com,TX,Richardson
290,Barry Buckner,857744152,barry.buckner@gmail.com,NY,Centereach
291,Boyce Burks,538493139,boyce.burks@gmail.com,NY,Sunnyside
292,Monty Frost,215316064,monty.frost@aol.com,NY,Hempstead
293,Tiny French,354753943,tiny.french@hotmail.com,NY,Plainview
294,Clementina Sargent,921860727,clementina.sargent@hotmail.com,NY,Rome
295,Danny Kim,310525354,danny.kim@msn.com,NY,South Ozone Park
296,Sophia Mcmillan,721102462,sophia.mcmillan@msn.com,NY,Uniondale
297,Christia Carson,340310801,christia.carson@gmail.com,TX,Helotes
298,Jennie Middleton,994521041,jennie.middleton@gmail.com,CA,Upland
299,Jame Riggs,239227969,jame.riggs@hotmail.com,NY,Bay Shore
300,Rayford Simon,982068404,rayford.simon@msn.com,CA,Mountain View
301,Annett Garrett,223204554,annett.garrett@yahoo.com,NY,Scarsdale
302,Hayden Cross,450755408,hayden.cross@gmail.com,CA,Apple Valley
303,Rolanda Larsen,106321134,rolanda.larsen@yahoo.com,NY,Woodhaven
304,Jayme Zamora,265731563,jayme.zamora@gmail.com,NY,Springfield Gardens
305,Hope Cotton,860061186,hope.cotton@aol.com,CA,Redondo Beach
306,Vikki Erickson,862919392,vikki.erickson@yahoo.com,NY,Kingston
307,Fransisca Nicholson,970184341,fransisca.nicholson@aol.com,CA,Glendora
308,Mazie Fernandez,999082751,mazie.fernandez@hotmail.com,NY,Webster
309,Anderson Martin,296472654,anderson.martin@hotmail.com,NY,Canandaigua
310,Gilberto Parsons,241746894,gilberto.parsons@gmail.com,NY,Middle Village
311,Charise Burt,443408491,charise.burt@aol.com,CA,Fresno
312,Cameron Carroll,771196613,cameron.carroll@yahoo.com,TX,Longview
313,Melani Jarvis,944654969,melani.jarvis@hotmail.com,NY,Maspeth
314,Javier Nichols,916319590,javier.nichols@msn.com,TX,Rowlett
315,Justina Jenkins,206924890,justina.jenkins@yahoo.com,NY,Baldwin
316,Hortencia Graham,191892791,hortencia.graham@aol.com,TX,Euless
317,Christia Wilkins,876427844,christia.wilkins@msn.com,NY,Woodside
318,Eliz Whitney,205201776,eliz.whitney@msn.com,CA,Fullerton
319,Justin Newton,695113328,justin.newton@hotmail.com,CA,Apple Valley
320,Aron Wiggins,619632912,aron.wiggins@aol.com,NY,Oceanside
321,Chere Hardin,950446064,chere.hardin@yahoo.com,NY,Brooklyn
322,Merideth Preston,262980623,merideth.preston@yahoo.com,NY,Poughkeepsie
323,Jeniffer Slater,731926051,jeniffer.slater@aol.com,NY,Schenectady
324,Laureen Paul,407327492,laureen.paul@yahoo.com,NY,Bellmore
325,Berna Moore,734868562,berna.moore@hotmail.com,NY,Bronx
326,Shiela Calderon,375839985,shiela.calderon@msn.com,CA,Rocklin
327,Sharie Alvarez,914463683,sharie.alvarez@msn.com,NY,New York
328,Bettie Glover,680097958,bettie.glover@gmail.com,TX,Euless
329,Marilyn Frank,115376101,marilyn.frank@aol.com,NY,Port Chester
330,Sheba Knapp,493608690,sheba.knapp@aol.com,NY,Woodside
331,Aleta Mack,583174743,aleta.mack@yahoo.com,NY,Bay Shore
332,Reena Higgins,315370106,reena.higgins@gmail.com,CA,Canyon Country
333,Ami Mcmahon,529425579,ami.mcmahon@aol.com,NY,Sunnyside
334,Somer Jordan,680641012,somer.jordan@msn.com,NY,Huntington Station
335,Scarlet Reed,404152121,scarlet.reed@hotmail.com,NY,Bronx
336,Trisha Johnson,917623649,trisha.johnson@msn.com,NY,Lancaster
337,Majorie Wyatt,437374547,majorie.wyatt@yahoo.com,NY,South Ozone Park
338,Abbey Pugh,445294714,abbey.pugh@gmail.com,NY,Forest Hills
339,Tamela Harrell,624130906,tamela.harrell@aol.com,NY,Central Islip
340,Yanira Bradshaw,696417615,yanira.bradshaw@gmail.com,NY,Smithtown
341,Delana Scott,538255560,delana.scott@yahoo.com,NY,Mount Vernon
342,Cassondra Pruitt,668240101,cassondra.pruitt@aol.com,NY,Merrick
343,Jesica Fields,982629273,jesica.fields@yahoo.com,NY,Commack
344,Herta Rollins,601190964,herta.rollins@msn.com,CA,Mountain View
345,Mi Gray,541139065,mi.gray@aol.com,NY,Albany
346,Jacalyn Barnett,399311846,jacalyn.barnett@gmail.com,NY,Maspeth
347,Kanesha Hudson,107804894,kanesha.hudson@gmail.com,CA,Oakland
348,Darren Witt,276741419,darren.witt@aol.com,CA,Coachella
349,Mable Pratt,395846191,mable.pratt@gmail.com,CA,Coachella
350,Christoper Mccall,155659036,christoper.mccall@msn.com,NY,Bay Shore
351,Margorie Wynn,656446799,margorie.wynn@gmail.com,NY,Monsey
352,Josef Greer,566115776,josef.greer@gmail.com,NY,Jamaica
353,Tisa Whitney,457838456,tisa.whitney@yahoo.com,NY,Monsey
354,Tonda Armstrong,860512539,tonda.armstrong@aol.com,NY,Sunnyside
355,Arvilla Weiss,524302068,arvilla.weiss@msn.com,NY,Bay Shore
356,Vashti Rosario,204492890,vashti.rosario@yahoo.com,NY,Bronx
357,Sheri Cole,373184305,sheri.cole@aol.com,CA,San Jose
358,Kandace Giles,979957204,kandace.giles@msn.com,NY,Wantagh
359,Angie Powers,718696794,angie.powers@aol.com,CA,Pomona
360,Van Peters,876533509,van.peters@yahoo.com,TX,Houston
361,Virgina Berg,647385200,virgina.berg@yahoo.com,NY,Valley Stream
362,Olevia Noel,292231930,olevia.noel@yahoo.com,NY,Kingston
363,Kaci Gallegos,243706474,kaci.gallegos@gmail.com,NY,Ballston Spa
364,Bev Chang,666779057,bev.chang@yahoo.com,NY,Ithaca
365,Rodger Rojas,986841916,rodger.rojas@yahoo.com,NY,Bayside
366,Lavonne Anderson,424990515,lavonne.anderson@aol.com,NY,Floral Park
367,Blanca Hooper,524378627,blanca.hooper@msn.com,NY,Ozone Park
368,Alysha Powers,537117614,alysha.powers@msn.com,NY,Forest Hills
369,Mary Singleton,157429339,mary.singleton@hotmail.com,NY,Woodside
370,Jina Cooper,484511106,jina.cooper@aol.com,NY,Howard Beach
371,Loni Duncan,474384147,loni.duncan@gmail.com,NY,Rosedale
372,Collene Roman,231383036,collene.roman@aol.com,NY,Wappingers Falls
373,Mariette Trevino,823284995,mariette.trevino@aol.com,NY,Utica
374,Candelaria Coffey,118660924,candelaria.coffey@aol.com,NY,Merrick
375,Yan Trevino,303972767,yan.trevino@gmail.com,NY,Uniondale
376,Elanor Patrick,662694536,elanor.patrick@aol.com,TX,Victoria
377,Klara Mosley,267375959,klara.mosley@gmail.com,NY,Port Chester
378,Rosalba O'neal,255308589,rosalba.o'neal@yahoo.com,NY,Mount Vernon
379,Mina Carrillo,816851323,mina.carrillo@aol.com,NY,Uniondale
380,Alesia Horne,574193109,alesia.horne@aol.com,NY,Selden
381,Kristen Alvarez,669559396,kristen.alvarez@aol.com,NY,Bronx
382,Collin Webster,811715305,collin.webster@aol.com,NY,Howard Beach
383,Ashlee Pena,594195015,ashlee.pena@aol.com,NY,Whitestone
384,Aimee Merritt,745341385,aimee.merritt@yahoo.com,NY,Flushing
385,Rochelle Ward,598405968,rochelle.ward@yahoo.com,CA,Glendora
386,Nelle Beck,760145103,nelle.beck@aol.com,CA,Upland
387,Kaila Walters,553445097,kaila.walters@msn.com,NY,Elmhurst
388,Aleta Stone,244036742,aleta.stone@aol.com,NY,Whitestone
389,Leif Short,108192176,leif.short@gmail.com,TX,San Angelo
390,Lorrie Pollard,569373669,lorrie.pollard@yahoo.com,NY,Ronkonkoma
391,Vernita Ball,490211741,vernita.ball@gmail.com,CA,Los Banos
392,Cyndi Bush,533739413,cyndi.bush@gmail.com,NY,Elmhurst
393,Gertrude Terry,932337784,gertrude.terry@hotmail.com,CA,Upland
394,Virgen Clemons,425047596,virgen.clemons@gmail.com,CA,South El Monte
395,Fairy Robinson,338726688,fairy.robinson@msn.com,NY,Liverpool
396,Laverna Hernandez,544502114,laverna.hernandez@hotmail.com,NY,Niagara Falls
397,Jeannie Wilcox,446032931,jeannie.wilcox@yahoo.com,NY,Franklin Square
398,Suellen Mercado,534836740,suellen.mercado@yahoo.com,NY,Sunnyside
399,Bart Hess,472073677,bart.hess@aol.com,NY,Kingston
400,Alfredo Dodson,120280592,alfredo.dodson@hotmail.com,NY,Depew
401,Shaunda Barnett,331335783,shaunda.barnett@gmail.com,TX,Longview
402,Kerrie Morton,775479341,kerrie.morton@hotmail.com,NY,Pittsford
403,Elouise Fry,508639476,elouise.fry@aol.com,CA,Canyon Country
404,Augustus Steele,107303103,augustus.steele@aol.com,NY,Ballston Spa
405,Greta Page,858743783,greta.page@hotmail.com,NY,Commack
406,Kerrie O'neill,325754570,kerrie.o'neill@gmail.com,NY,Shirley
407,Dannette Guerrero,260382840,dannette.guerrero@gmail.com,CA,San Pablo
408,Edra Fitzgerald,263432480,edra.fitzgerald@msn.com,NY,Central Islip
409,Jerome Bolton,836901435,jerome.bolton@msn.com,NY,Carmel
410,Conception Slater,413576581,conception.slater@gmail.com,NY,Bellmore
411,Octavia Case,261395004,octavia.case@aol.com,NY,New York
412,Dexter Roberts,704344098,dexter.roberts@gmail.com,NY,Sunnyside
413,Ginette Edwards,797315843,ginette.edwards@hotmail.com,NY,Baldwin
414,Romaine Haley,612750819,romaine.haley@aol.com,NY,Ithaca
415,Gwendolyn Miller,396738535,gwendolyn.miller@msn.com,TX,Harlingen
416,Luke Fuller,946711307,luke.fuller@hotmail.com,NY,Hempstead
417,Zoraida Patton,709343870,zoraida.patton@aol.com,NY,Huntington Station
418,Georgeanna Webster,796896223,georgeanna.webster@msn.com,CA,Oxnard
419,Krystin Marshall,130881986,krystin.marshall@hotmail.com,NY,Poughkeepsie
420,Vince Schneider,833258841,vince.schneider@hotmail.com,NY,Merrick
421,Iola Rasmussen,288637828,iola.rasmussen@yahoo.com,NY,Monroe
422,Valery Saunders,364880148,valery.saunders@msn.com,TX,Victoria
423,Johna Powers,744325396,johna.powers@hotmail.com,NY,Deer Park
424,Charleen Hurst,749239413,charleen.hurst@yahoo.com,NY,Utica
425,Augustina Joyner,830897332,augustina.joyner@aol.com,NY,Mount Vernon
426,Daisy Ward,127602713,daisy.ward@msn.com,CA,Pomona
427,Latonya Dixon,309814649,latonya.dixon@hotmail.com,TX,Garland
428,Hipolito Padilla,336961920,hipolito.padilla@hotmail.com,NY,New Rochelle
429,Emmett Casey,843467176,emmett.casey@yahoo.com,NY,Valley Stream
430,Kandi Mcneil,923564660,kandi.mcneil@msn.com,NY,Massapequa Park
431,Luciano Marsh,661523791,luciano.marsh@aol.com,NY,Bellmore
432,Julius Holt,532265296,julius.holt@aol.com,NY,East Meadow
433,Holly Nieves,142167094,holly.nieves@aol.com,TX,Longview
434,Douglass Little,365207337,douglass.little@hotmail.com,CA,Duarte
435,Izola Hobbs,582024702,izola.hobbs@gmail.com,NY,Woodhaven
436,Honey Camacho,186682268,honey.camacho@gmail.com,NY,Bayside
437,Laureen Barry,699422784,laureen.barry@yahoo.com,NY,Orchard Park
438,Katharine Herrera,546845633,katharine.herrera@hotmail.com,NY,Queensbury
439,Sunshine Rosario,988448229,sunshine.rosario@aol.com,NY,Jamaica
440,Yevette Todd,488386096,yevette.todd@aol.com,NY,Ballston Spa
441,Dorthea Walker,520467046,dorthea.walker@aol.com,NY,Port Washington
442,Alane Munoz,311082533,alane.munoz@gmail.com,NY,Yonkers
443,Ayana Keith,702083509,ayana.keith@hotmail.com,CA,Oxnard
444,Caridad Compton,333807785,caridad.compton@aol.com,CA,San Lorenzo
445,Earline Ballard,688197947,earline.ballard@hotmail.com,NY,Mount Vernon
446,Nathanael Bradley,518730222,nathanael.bradley@aol.com,NY,Amsterdam
447,Chasidy Tran,964578266,chasidy.tran@msn.com,CA,Vista
448,Janella Bright,765075929,janella.bright@aol.com,NY,Rochester
449,Josie Schultz,158086091,josie.schultz@hotmail.com,CA,Canyon Country
450,Ellsworth Michael,482967349,ellsworth.michael@yahoo.com,NY,Carmel
451,Jennette Wooten,484322571,jennette.wooten@msn.com,TX,Rowlett
452,Cassandra Nichols,686064906,cassandra.nichols@yahoo.com,NY,Hicksville
453,Courtney Wyatt,303589191,courtney.wyatt@gmail.com,NY,Garden City
454,Terese Palmer,838049329,terese.palmer@hotmail.com,NY,Bay Shore
455,Sherita Cherry,201378448,sherita.cherry@gmail.com,NY,Liverpool
456,Serina Hensley,620215192,serina.hensley@yahoo.com,NY,Jamaica
457,Jeni Farley,358179759,jeni.farley@aol.com,NY,Richmond Hill
458,Everett Vega,654510293,everett.vega@yahoo.com,NY,Holbrook
459,Latosha Dalton,913700055,latosha.dalton@yahoo.com,CA,Bakersfield
460,Romelia Myers,379139940,romelia.myers@msn.com,NY,Garden City
461,Effie Jenkins,992620111,effie.jenkins@msn.com,NY,Brentwood
462,Efren Oliver,573462475,efren.oliver@gmail.com,NY,Nanuet
463,Jerlene Rios,818645091,jerlene.rios@yahoo.com,NY,Plainview
464,Bess Mcbride,756170931,bess.mcbride@yahoo.com,NY,Garden City
465,Birdie Kramer,213043281,birdie.kramer@hotmail.com,NY,Troy
466,Collen Hayes,470828143,collen.hayes@yahoo.com,NY,Smithtown
467,Clare Neal,539742000,clare.neal@msn.com,NY,Mahopac
468,Jeanett Herman,805617326,jeanett.herman@hotmail.com,NY,Lindenhurst
469,Micki Rutledge,767864600,micki.rutledge@aol.com,NY,Richmond Hill
470,Loise Walker,274370049,loise.walker@aol.com,NY,Shirley
471,Burma Summers,846257671,burma.summers@yahoo.com,NY,Freeport
472,Myron Ruiz,511908354,myron.ruiz@gmail.com,NY,Amityville
473,Lashawna Richardson,862752466,lashawna.richardson@hotmail.com,NY,Baldwin
474,Lavern Orr,205948459,lavern.orr@hotmail.com,NY,Webster
475,Alec Peck,791213412,alec.peck@hotmail.com,TX,Victoria
476,Christopher Richardson,385477520,christopher.richardson@gmail.com,CA,Santa Cruz
477,Arminda Weber,474600431,arminda.weber@yahoo.com,NY,Bellmore
478,Emmett Hahn,112243222,emmett.hahn@hotmail.com,NY,Freeport
479,Gertha Mejia,709917810,gertha.mejia@yahoo.com,NY,Flushing
480,Garland Weaver,744298895,garland.weaver@gmail.com,NY,Amsterdam
481,Jayson Rutledge,929919330,jayson.rutledge@yahoo.com,TX,Lake Jackson
482,Narcisa Knapp,681995380,narcisa.knapp@aol.com,TX,Amarillo
483,Gayla Sims,976108664,gayla.sims@gmail.com,NY,Lindenhurst
484,Chelsey Boyd,612461728,chelsey.boyd@yahoo.com,TX,Euless
485,Catherine Miles,894279556,catherine.miles@msn.com,NY,East Elmhurst
486,Valeri Marshall,990471053,valeri.marshall@hotmail.com,NY,East Meadow
487,Grace Madden,682334053,grace.madden@gmail.com,CA,San Pablo
488,Joaquin Hawkins,979430748,joaquin.hawkins@aol.com,CA,Anaheim
489,Kirstie Vazquez,510024836,kirstie.vazquez@gmail.com,NY,Saratoga Springs
490,Yu Mcdonald,764018383,yu.mcdonald@aol.com,NY,Ossining
491,Celestine Jacobs,215813789,celestine.jacobs@gmail.com,NY,Massapequa
492,Justa Thompson,564995828,justa.thompson@aol.com,NY,Corona
493,Lise Alvarado,813125242,lise.alvarado@gmail.com,NY,Hamburg
494,Pearl Fox,976377524,pearl.fox@yahoo.com,NY,Uniondale
495,Travis Goodman,824571188,travis.goodman@yahoo.com,CA,Los Banos
496,Shu Mays,265311590,shu.mays@gmail.com,NY,Astoria
497,Ezra Fowler,141101621,ezra.fowler@hotmail.com,NY,Nanuet
498,Edda Young,566086685,edda.young@gmail.com,NY,North Tonawanda
499,Lidia Ashley,927020326,lidia.ashley@hotmail.com,NY,Baldwinsville
500,Moira Lester,772061810,moira.lester@msn.com,NY,Jackson Heights
501,Tony Hicks,726362602,tony.hicks@gmail.com,CA,Anaheim
502,Malinda Baxter,418409193,malinda.baxter@yahoo.com,NY,Whitestone
503,Marlo Jefferson,948218695,marlo.jefferson@gmail.com,NY,Niagara Falls
504,Tiana Henderson,711689356,tiana.henderson@aol.com,NY,Franklin Square
505,Wilda Petersen,237142374,wilda.petersen@aol.com,NY,Jamaica
506,Irving Pitts,689960416,irving.pitts@msn.com,CA,Torrance
507,Sheree Pena,871070867,sheree.pena@yahoo.com,NY,Staten Island
508,Vance Taylor,990425826,vance.taylor@msn.com,NY,Lancaster
509,Terra Pickett,368386493,terra.pickett@aol.com,NY,Amsterdam
510,Faustino Delacruz,561044563,faustino.delacruz@msn.com,NY,South Richmond Hill
511,Julienne Moody,102232111,julienne.moody@hotmail.com,TX,Fort Worth
512,Hee Greer,608567537,hee.greer@hotmail.com,NY,Selden
513,Whitney Cash,299276451,whitney.cash@gmail.com,NY,Hamburg
514,Clarita Curry,547055557,clarita.curry@hotmail.com,NY,Hollis
515,Reita Dickson,710223679,reita.dickson@hotmail.com,NY,Scarsdale
516,Rosa Kinney,248591119,rosa.kinney@yahoo.com,NY,Brooklyn
517,Buford Gilbert,648553586,buford.gilbert@yahoo.com,NY,Bellmore
518,Homer Powers,547826024,homer.powers@msn.com,CA,Palos Verdes Peninsula
519,Rudolf Gilliam,976528336,rudolf.gilliam@aol.com,CA,Palos Verdes Peninsula
520,Andreas Herman,740863499,andreas.herman@msn.com,NY,Mount Vernon
521,Max Charles,512752339,max.charles@gmail.com,NY,Glen Cove
522,Tammera Fischer,284350127,tammera.fischer@hotmail.com,CA,Oakland
523,Joshua Robertson,649903292,joshua.robertson@gmail.com,NY,Patchogue
524,Larraine Horn,144665240,larraine.horn@msn.com,NY,Utica
525,Andreas Mayer,795199122,andreas.mayer@hotmail.com,NY,New Rochelle
526,Lazaro Moran,604017529,lazaro.moran@gmail.com,TX,Sugar Land
527,Afton Juarez,634591742,afton.juarez@gmail.com,NY,Coram
528,Angele Schroeder,461414174,angele.schroeder@yahoo.com,NY,New City
529,Ellena Clements,585761475,ellena.clements@aol.com,CA,Santa Monica
530,Selene Austin,771299574,selene.austin@msn.com,CA,Duarte
531,Kimberely Bowen,769705496,kimberely.bowen@hotmail.com,NY,Troy
532,Mia Delgado,219995015,mia.delgado@yahoo.com,CA,Coachella
533,Garret Clay,669441942,garret.clay@yahoo.com,TX,Corpus Christi
534,Alejandro Haney,129254903,alejandro.haney@msn.com,NY,Wantagh
535,Inge Olsen,625648687,inge.olsen@msn.com,NY,Long Beach
536,Christiane Bradford,612539052,christiane.bradford@gmail.com,NY,Orchard Park
537,Carter Bentley,741585348,carter.bentley@yahoo.com,NY,Carmel
538,Sherie Ayala,857881912,sherie.ayala@msn.com,CA,South El Monte
539,Jamika Acevedo,207611927,jamika.acevedo@yahoo.com,NY,Ozone Park
540,Shery Randolph,826266072,shery.randolph@hotmail.com,CA,Ontario
541,Lanita Burton,874419246,lanita.burton@msn.com,CA,Coachella
542,Timothy Byers,382488526,timothy.byers@msn.com,NY,Ronkonkoma
543,Jasmin Young,932863737,jasmin.young@gmail.com,TX,Helotes
544,Catarina Mendez,446110702,catarina.mendez@hotmail.com,NY,West Islip
545,Tajuana Rollins,302707035,tajuana.rollins@msn.com,NY,Oswego
546,Thad Castro,961851765,thad.castro@msn.com,NY,Brentwood
547,Tena Huber,458893011,tena.huber@gmail.com,NY,Newburgh
548,Dori Alvarez,625339370,dori.alvarez@msn.com,NY,Kingston
549,Elmo Arnold,802315932,elmo.arnold@aol.com,NY,Long Beach
550,Felicidad Golden,722057139,felicidad.golden@yahoo.com,NY,Lockport
551,Jenine Crane,665184357,jenine.crane@msn.com,TX,Fort Worth
552,Lea Key,567894287,lea.key@yahoo.com,CA,Banning
553,Rory Cooper,147717631,rory.cooper@gmail.com,CA,Rocklin
554,Hilde Nieves,837113294,hilde.nieves@gmail.com,CA,Campbell
555,Marry Benjamin,164045821,marry.benjamin@yahoo.com,TX,Forney
556,Vernell Goff,924948137,vernell.goff@msn.com,NY,Monroe
557,Erlene Cook,249183279,erlene.cook@gmail.com,NY,Mount Vernon
558,Carroll Kelly,999089839,carroll.kelly@yahoo.com,NY,Monroe
559,Basilia Thornton,492287386,basilia.thornton@hotmail.com,NY,Brentwood
560,Tricia Daniels,635329342,tricia.daniels@gmail.com,TX,Forney
561,Kandace Hughes,401553852,kandace.hughes@hotmail.com,CA,San Lorenzo
562,Alejandro Norman,688382688,alejandro.norman@yahoo.com,CA,Upland
563,Rodney Odom,498621622,rodney.odom@yahoo.com,NY,Richmond Hill
564,Bettie Pierce,923103311,bettie.pierce@gmail.com,NY,Farmingdale
565,Dagny Owen,291512781,dagny.owen@hotmail.com,TX,San Angelo
566,Cinthia Poole,633436842,cinthia.poole@aol.com,TX,Lake Jackson
567,Sheila Travis,855881179,sheila.travis@yahoo.com,TX,Longview
568,Arcelia Vinson,553620891,arcelia.vinson@gmail.com,NY,West Islip
569,Lucas Estes,539844632,lucas.estes@yahoo.com,CA,Santa Monica
570,Marissa Summers,939333756,marissa.summers@msn.com,NY,Saint Albans
571,Kaley Blanchard,690116351,kaley.blanchard@msn.com,CA,Palos Verdes Peninsula
572,Wm Pope,224199610,wm.pope@msn.com,NY,Auburn
573,Rubye Mccall,297667829,rubye.mccall@hotmail.com,NY,Troy
574,Adriene Rivera,753790273,adriene.rivera@hotmail.com,CA,Encino
575,Laurence Christian,314779916,laurence.christian@gmail.com,NY,Jamaica
576,Shirely Stanley,720168489,shirely.stanley@gmail.com,TX,El Paso
577,Danille Mcfarland,884275643,danille.mcfarland@msn.com,CA,Rocklin
578,Salena Day,329100024,salena.day@msn.com,CA,San Lorenzo
579,Matilda Larson,693649762,matilda.larson@hotmail.com,TX,Harlingen
580,Mellisa Kim,717269249,mellisa.kim@aol.com,CA,Los Angeles
581,Vonda Berger,271374466,vonda.berger@yahoo.com,CA,Santa Clara
582,Soledad Moses,551425825,soledad.moses@yahoo.com,NY,Jackson Heights
583,Lashandra Turner,335565309,lashandra.turner@hotmail.com,NY,Long Beach
584,Lynne Anderson,936558034,lynne.anderson@msn.com,TX,El Paso
585,Chasidy Webster,668368333,chasidy.webster@msn.com,CA,Rocklin
586,Ulysses Gaines,390925118,ulysses.gaines@aol.com,NY,Monsey
587,Euna Lopez,801767150,euna.lopez@gmail.com,NY,Carmel
588,Cherelle Key,818846069,cherelle.key@msn.com,NY,Valley Stream
589,Jeffry Church,511010901,jeffry.church@msn.com,CA,Pleasanton
590,Cyndi Dyer,848259152,cyndi.dyer@msn.com,NY,Baldwin
591,Danilo Holmes,632565155,danilo.holmes@gmail.com,NY,Hicksville
592,Joni Lee,627392975,joni.lee@gmail.com,NY,Centereach
593,Antony Atkinson,325956304,antony.atkinson@msn.com,NY,Smithtown
594,Deanne Parsons,529118396,deanne.parsons@aol.com,NY,Lindenhurst
595,Frederica Rojas,901888491,frederica.rojas@yahoo.com,NY,Ithaca
596,Emelda Dickerson,188657665,emelda.dickerson@aol.com,NY,Hamburg
597,Rudolf Moran,841730083,rudolf.moran@gmail.com,NY,Maspeth
598,Benito Hendrix,807568494,benito.hendrix@gmail.com,NY,Depew
599,Jonell Rivas,939697979,jonell.rivas@msn.com,TX,Amarillo
600,Joi Reeves,675502260,joi.reeves@msn.com,CA,San Diego
601,Leland Mcdowell,566479534,leland.mcdowell@gmail.com,CA,Encino
602,Delaine Estes,540253383,delaine.estes@yahoo.com,TX,Amarillo
603,Genevieve Juarez,675240058,genevieve.juarez@gmail.com,NY,New Hyde Park
604,Kylee Dickson,860817672,kylee.dickson@gmail.com,NY,Amityville
605,Renita Henry,806989218,renita.henry@msn.com,NY,New Rochelle
606,Sarah Kirkland,405583800,sarah.kirkland@aol.com,NY,Wappingers Falls
607,Paul Lester,112576267,paul.lester@gmail.com,CA,Vista
608,Taisha Vang,939385713,taisha.vang@yahoo.com,NY,Shirley
609,Eliana Reese,186083543,eliana.reese@hotmail.com,NY,Woodhaven
610,Leonore Dorsey,401168442,leonore.dorsey@yahoo.com,NY,Jackson Heights
611,Ashleigh Frank,318683846,ashleigh.frank@gmail.com,NY,Levittown
612,Gabriel Wagner,445435197,gabriel.wagner@msn.com,NY,Ballston Spa
613,Margene Eaton,601924516,margene.eaton@yahoo.com,NY,Wantagh
614,Toshia Cardenas,569416688,toshia.cardenas@gmail.com,NY,Amsterdam
615,Jamika Blanchard,759861950,jamika.blanchard@gmail.com,NY,Fresh Meadows
616,Shery Acosta,137812952,shery.acosta@yahoo.com,NY,Saratoga Springs
617,Jenna Saunders,277274706,jenna.saunders@aol.com,NY,Yorktown Heights
618,Skye Pope,401232305,skye.pope@yahoo.com,NY,Richmond Hill
619,Ana Palmer,283739315,ana.palmer@yahoo.com,CA,Anaheim
620,Eric Hardin,410445392,eric.hardin@gmail.com,NY,Jamaica
621,Basil Ballard,855487089,basil.ballard@yahoo.com,CA,San Lorenzo
622,Gabriel Pitts,275573937,gabriel.pitts@gmail.com,NY,Clifton Park
623,Cayla Johnson,844574673,cayla.johnson@msn.com,NY,Coram
624,Sharika Colon,482945198,sharika.colon@gmail.com,NY,Long Beach
625,Donnetta Henson,268610102,donnetta.henson@hotmail.com,NY,Webster
626,Leigh Burke,572438834,leigh.burke@hotmail.com,NY,Schenectady
627,Deloris Larson,854372635,deloris.larson@aol.com,CA,Duarte
628,Ehtel Cobb,351722941,ehtel.cobb@hotmail.com,NY,Lockport
629,Evelina Byrd,912234678,evelina.byrd@msn.com,NY,Buffalo
630,Zulema Browning,509260977,zulema.browning@gmail.com,NY,Amsterdam
631,Tressa Weiss,443640425,tressa.weiss@msn.com,NY,Ossining
632,Yvette Rogers,334541364,yvette.rogers@aol.com,NY,Franklin Square
633,Kiara Deleon,551448327,kiara.deleon@gmail.com,CA,Anaheim
634,Taylor Cole,536273445,taylor.cole@gmail.com,NY,Carmel
635,Myrtie James,615245856,myrtie.james@yahoo.com,NY,Merrick
636,Ashton Lott,337879413,ashton.lott@hotmail.com,NY,Floral Park
637,Kara Higgins,918114745,kara.higgins@aol.com,NY,Ossining
638,Tomeka Higgins,351014739,tomeka.higgins@msn.com,NY,Poughkeepsie
639,Ronald Parsons,794956978,ronald.parsons@msn.com,NY,Maspeth
640,Allison Nolan,929981700,allison.nolan@gmail.com,NY,New City
641,Derrick Marks,657885255,derrick.marks@yahoo.com,CA,Glendora
642,Yang Roth,157326537,yang.roth@aol.com,NY,Webster
643,Melba Wilkinson,941143125,melba.wilkinson@gmail.com,NY,Floral Park
644,Valentin Mclaughlin,194486992,valentin.mclaughlin@hotmail.com,NY,Lindenhurst
645,Lewis Garner,715489023,lewis.garner@gmail.com,NY,Brentwood
646,Ann Heath,287925817,ann.heath@msn.com,CA,South El Monte
647,Janelle Maldonado,763346782,janelle.maldonado@gmail.com,NY,Richmond Hill
648,Catrice Hicks,602713614,catrice.hicks@yahoo.com,CA,San Pablo
649,Eli Contreras,606654224,eli.contreras@hotmail.com,NY,Ronkonkoma
650,Rita Bailey,877107359,rita.bailey@hotmail.com,NY,Ossining
651,Laure Pena,127479913,laure.pena@yahoo.com,NY,Wappingers Falls
652,Tilda Melton,261413862,tilda.melton@msn.com,NY,Troy
653,Florencio Davenport,992212201,florencio.davenport@yahoo.com,NY,Jamestown
654,Eun Harris,630912340,eun.harris@gmail.com,CA,San Diego
655,Marylyn Browning,249757344,marylyn.browning@msn.com,NY,Scarsdale
656,Romana Barnes,551133476,romana.barnes@yahoo.com,NY,Floral Park
657,Sam Lester,208479109,sam.lester@gmail.com,NY,Baldwin
658,Nicki Larson,824354108,nicki.larson@yahoo.com,NY,Monsey
659,Antonetta Rocha,884177496,antonetta.rocha@yahoo.com,NY,Port Chester
660,Shara Pope,387000912,shara.pope@msn.com,CA,Ridgecrest
661,Trena Hudson,662654184,trena.hudson@hotmail.com,NY,Monroe
662,Loraine Sykes,696151863,loraine.sykes@yahoo.com,NY,Scarsdale
663,Alissa Hood,238104119,alissa.hood@gmail.com,NY,New Windsor
664,Augustus Schmidt,962917051,augustus.schmidt@msn.com,NY,Corona
665,Stacie Sims,218622527,stacie.sims@hotmail.com,CA,Oakland
666,Brittni Green,353571750,brittni.green@msn.com,NY,Floral Park
667,Etsuko Garrison,481060514,etsuko.garrison@yahoo.com,NY,Richmond Hill
668,Calandra Stanton,947022226,calandra.stanton@aol.com,TX,Lake Jackson
669,Willis Randolph,589614613,willis.randolph@yahoo.com,TX,Harlingen
670,Shawnda Glover,417459506,shawnda.glover@gmail.com,NY,Liverpool
671,Jennette Baker,772254554,jennette.baker@gmail.com,CA,Banning
672,Elma Molina,584348835,elma.molina@msn.com,NY,New Rochelle
673,Adam Henderson,435248579,adam.henderson@hotmail.com,CA,Los Banos
674,Ira Moore,219621890,ira.moore@gmail.com,NY,Saratoga Springs
675,Kermit Bowman,115526338,kermit.bowman@gmail.com,TX,El Paso
676,Gayle Wilkinson,583699763,gayle.wilkinson@yahoo.com,NY,Lindenhurst
677,Launa Hull,501108766,launa.hull@yahoo.com,TX,Helotes
678,Myron Johns,659112976,myron.johns@msn.com,NY,Whitestone
679,Tuan Wolfe,139175537,tuan.wolfe@aol.com,NY,West Babylon
680,Mathilda Pennington,794549424,mathilda.pennington@gmail.com,NY,New City
681,Reatha Perez,737525569,reatha.perez@aol.com,NY,Holbrook
682,Arnita Thomas,556803676,arnita.thomas@gmail.com,NY,Orchard Park
683,Amparo Burks,328051788,amparo.burks@aol.com,NY,Merrick
684,Jenny Bell,993329572,jenny.bell@hotmail.com,NY,Niagara Falls
685,Laverne Craft,964662213,laverne.craft@aol.com,NY,Forest Hills
686,Darcel Harmon,603572359,darcel.harmon@msn.com,CA,Santa Clara
687,Cecilia Camacho,403463307,cecilia.camacho@yahoo.com,TX,Desoto
688,Pearlie Cochran,557258362,pearlie.cochran@msn.com,CA,Campbell
689,Deirdre Ryan,339404655,deirdre.ryan@yahoo.com,NY,Utica
690,Yevette Elliott,282953819,yevette.elliott@aol.com,NY,Jackson Heights
691,Ladawn Downs,506875350,ladawn.downs@yahoo.com,TX,Houston
692,Dorothea Chang,353761696,dorothea.chang@gmail.com,NY,Astoria
693,Merlin Foreman,379899123,merlin.foreman@msn.com,NY,Hempstead
694,Lanie Dunn,338882013,lanie.dunn@gmail.com,NY,North Tonawanda
695,Christoper Gould,875023591,christoper.gould@aol.com,NY,Shirley
696,Norine Huffman,503912185,norine.huffman@aol.com,CA,Encino
697,Alane Mccarty,705093805,alane.mccarty@hotmail.com,CA,San Diego
698,Charleen Joyner,614611676,charleen.joyner@aol.com,NY,Corona
699,Zella Fernandez,497389237,zella.fernandez@yahoo.com,NY,Rockville Centre
700,Collene Knox,659619588,collene.knox@msn.com,TX,Corpus Christi
701,Alysia Nicholson,500470164,alysia.nicholson@hotmail.com,CA,Oxnard
702,Sharie Whitaker,467211788,sharie.whitaker@hotmail.com,NY,Merrick
703,Diana Cobb,587747929,diana.cobb@hotmail.com,CA,Fullerton
704,Morton Barron,426238866,morton.barron@msn.com,CA,Bakersfield
705,Camille Harvey,518430940,camille.harvey@hotmail.com,NY,Huntington
706,Lolita O'neill,440546877,lolita.o'neill@aol.com,NY,Massapequa Park
707,Terese Briggs,237377993,terese.briggs@msn.com,NY,Woodside
708,Majorie Glover,622330626,majorie.glover@msn.com,CA,Apple Valley
709,Vinnie Chan,707892215,vinnie.chan@aol.com,NY,Forest Hills
710,Ezra Silva,752025784,ezra.silva@msn.com,NY,New Windsor
711,Jovita Bishop,544031550,jovita.bishop@aol.com,NY,Staten Island
712,Kecia Olsen,465233432,kecia.olsen@msn.com,CA,Santa Cruz
713,Ilona Spears,560235242,ilona.spears@gmail.com,NY,Port Jefferson Station
714,Senaida Thompson,194000595,senaida.thompson@msn.com,NY,Bronx
715,Larae Carney,968946127,larae.carney@msn.com,NY,Sunnyside
716,Sebrina Hart,143446469,sebrina.hart@yahoo.com,NY,Coram
717,Kristofer Craig,804357967,kristofer.craig@yahoo.com,NY,Plainview
718,Luciana Mcgee,813836350,luciana.mcgee@msn.com,NY,Selden
719,Nicki Fry,642643108,nicki.fry@hotmail.com,NY,Endicott
720,Devin Shaffer,170572797,devin.shaffer@gmail.com,NY,Rochester
721,Erlinda Osborne,188924838,erlinda.osborne@yahoo.com,NY,West Islip
722,Camila Carroll,629970646,camila.carroll@yahoo.com,TX,San Antonio
723,Vicki Wiggins,154572593,vicki.wiggins@hotmail.com,NY,Wappingers Falls
724,Lois Steele,640750207,lois.steele@yahoo.com,NY,Ossining
725,Carola Mcpherson,839757323,carola.mcpherson@hotmail.com,NY,Rego Park
726,Rochell Cantrell,666592585,rochell.cantrell@yahoo.com,NY,Port Jefferson Station
727,Kasha Sullivan,337225288,kasha.sullivan@hotmail.com,NY,Scarsdale
728,Viva Dawson,363614751,viva.dawson@yahoo.com,NY,Orchard Park
729,Hue Dalton,872967824,hue.dalton@hotmail.com,CA,Apple Valley
730,Andria Rivers,360847452,andria.rivers@aol.com,TX,Amarillo
731,Hilary Savage,529190798,hilary.savage@yahoo.com,CA,Oxnard
732,Lavona Austin,286857966,lavona.austin@yahoo.com,NY,Utica
733,Doreatha Ford,904527803,doreatha.ford@yahoo.com,NY,Huntington
734,Alina Mcleod,513328929,alina.mcleod@msn.com,NY,Patchogue
735,Aide Franco,454920633,aide.franco@msn.com,CA,Atwater
736,Genny Hensley,569317859,genny.hensley@yahoo.com,CA,Redondo Beach
737,Melita Dominguez,809502878,melita.dominguez@msn.com,NY,Auburn
738,Fannie Jenkins,632138601,fannie.jenkins@msn.com,CA,Oxnard
739,Bobbi Banks,162714121,bobbi.banks@yahoo.com,NY,Bayside
740,Gwenn Melton,573667532,gwenn.melton@yahoo.com,NY,Centereach
741,Laci Castro,872862947,laci.castro@hotmail.com,NY,Saint Albans
742,Evelina Manning,675130987,evelina.manning@aol.com,NY,Mount Vernon
743,Tania Swanson,229643710,tania.swanson@yahoo.com,TX,Longview
744,Laurel Schultz,818619370,laurel.schultz@hotmail.com,NY,Mount Vernon
745,Carolyne Conley,384670193,carolyne.conley@gmail.com,NY,Floral Park
746,Eldridge Greer,445147030,eldridge.greer@aol.com,NY,Central Islip
747,Margret Barnett,457023900,margret.barnett@gmail.com,TX,Forney
748,Oliva Blackwell,364267628,oliva.blackwell@hotmail.com,NY,Elmhurst
749,Oralia Farley,847081703,oralia.farley@hotmail.com,CA,Upland
750,Romaine Salazar,430209213,romaine.salazar@yahoo.com,NY,Monsey
751,Hermila Mckay,447470654,hermila.mckay@yahoo.com,CA,Coachella
752,Lloyd Miranda,794652928,lloyd.miranda@hotmail.com,CA,Encino
753,Mandi Gibbs,687984173,mandi.gibbs@gmail.com,NY,East Elmhurst
754,Hue May,909693990,hue.may@aol.com,NY,Valley Stream
755,Tomika Wilder,148016708,tomika.wilder@aol.com,NY,New Hyde Park
756,Graig Roth,730667729,graig.roth@aol.com,NY,West Babylon
757,Lamar Greer,574562498,lamar.greer@gmail.com,NY,Levittown
758,Raymonde Garcia,303515904,raymonde.garcia@aol.com,NY,Queensbury
759,Cira Downs,558917381,cira.downs@gmail.com,CA,Oakland
760,Marisa Chambers,917352422,marisa.chambers@msn.com,NY,Amityville
761,Rod Hatfield,369591290,rod.hatfield@hotmail.com,NY,Ronkonkoma
762,Quyen Houston,843759321,quyen.houston@gmail.com,NY,Central Islip
763,Han Schneider,569382082,han.schneider@gmail.com,NY,Elmhurst
764,Terrell Mathis,208623961,terrell.mathis@aol.com,NY,Selden
765,Spring Hayes,665935720,spring.hayes@hotmail.com,NY,Ossining
766,Lecia Hancock,577173113,lecia.hancock@hotmail.com,NY,Schenectady
767,Twana Arnold,850205528,twana.arnold@msn.com,CA,Anaheim
768,Yvone Yates,101279298,yvone.yates@gmail.com,CA,San Pablo
769,Agatha Melton,575867271,agatha.melton@yahoo.com,NY,Springfield Gardens
770,Lavonda Stephenson,679947544,lavonda.stephenson@gmail.com,NY,Bay Shore
771,Agnes Sims,751437443,agnes.sims@aol.com,NY,Buffalo
772,Latricia Lindsey,508897192,latricia.lindsey@hotmail.com,NY,Yorktown Heights
773,Yolando Wade,563123816,yolando.wade@hotmail.com,NY,Massapequa
774,Nenita Mooney,454921036,nenita.mooney@hotmail.com,CA,Lawndale
775,Kermit Hyde,168079006,kermit.hyde@hotmail.com,NY,Patchogue
776,Angelique Merrill,300368446,angelique.merrill@gmail.com,CA,South El Monte
777,Ilda Roberson,235948747,ilda.roberson@aol.com,NY,Kingston
778,Corrinne Garrison,328737849,corrinne.garrison@yahoo.com,TX,Victoria
779,Major Merrill,941712649,major.merrill@aol.com,NY,Astoria
780,Ouida Gregory,538846140,ouida.gregory@aol.com,NY,Merrick
781,Tajuana Riddle,917105391,tajuana.riddle@hotmail.com,NY,Bayside
782,Ricki Bullock,654933719,ricki.bullock@hotmail.com,NY,Woodside
783,Celestine Kent,464393530,celestine.kent@aol.com,NY,Lancaster
784,Debbra Jacobson,253064518,debbra.jacobson@yahoo.com,NY,Ballston Spa
785,Kandis Mills,700694046,kandis.mills@hotmail.com,NY,Hamburg
786,Wallace Lane,850433217,wallace.lane@aol.com,NY,South Richmond Hill
787,Malisa Mitchell,983673469,malisa.mitchell@msn.com,NY,Mount Vernon
788,Lilliam Nolan,845579072,lilliam.nolan@msn.com,TX,Copperas Cove
789,Tad Gardner,905512098,tad.gardner@hotmail.com,NY,Niagara Falls
790,Petronila Gallegos,987092841,petronila.gallegos@gmail.com,NY,Howard Beach
791,Yun Nelson,891095550,yun.nelson@hotmail.com,NY,Ballston Spa
792,Edgar Horn,811274636,edgar.horn@aol.com,NY,West Babylon
793,Chantay Maynard,106155291,chantay.maynard@gmail.com,NY,Elmhurst
794,Donette Mccarthy,793816550,donette.mccarthy@yahoo.com,CA,Redondo Beach
795,Mariam Miranda,427801163,mariam.miranda@aol.com,NY,Franklin Square
796,Rosalie Coffey,290582129,rosalie.coffey@gmail.com,CA,Upland
797,Cathey Lamb,966678874,cathey.lamb@msn.com,NY,Bayside
798,Alyse Jacobson,885634890,alyse.jacobson@yahoo.com,NY,Massapequa Park
799,India Barron,382110488,india.barron@msn.com,NY,Huntington
800,Cris Dunn,813673175,cris.dunn@yahoo.com,NY,Pittsford
801,Ophelia Rodgers,726254590,ophelia.rodgers@gmail.com,NY,Hopewell Junction
802,Barrett Sanders,764234494,barrett.sanders@aol.com,TX,Longview
803,Bernardina Cooper,625887602,bernardina.cooper@msn.com,NY,Whitestone
804,Douglas Richards,312328944,douglas.richards@hotmail.com,NY,Valley Stream
805,Phillis Fowler,192679007,phillis.fowler@aol.com,NY,Clifton Park
806,Reyes Merritt,235351677,reyes.merritt@yahoo.com,NY,Staten Island
807,Nathalie Knowles,391541574,nathalie.knowles@aol.com,NY,West Islip
808,Vallie Dixon,269259056,vallie.dixon@yahoo.com,TX,Rowlett
809,Elnora Simpson,427666404,elnora.simpson@yahoo.com,NY,Bellmore
810,Ivelisse Nixon,209389045,ivelisse.nixon@aol.com,TX,Houston
811,Shanti Johnston,296921442,shanti.johnston@gmail.com,NY,Staten Island
812,Martha Burgess,388327458,martha.burgess@msn.com,NY,Woodhaven
813,Neville Mcclain,207818367,neville.mcclain@yahoo.com,NY,West Hempstead
814,Ghislaine Compton,312432465,ghislaine.compton@aol.com,NY,Lindenhurst
815,Leanna Manning,403278721,leanna.manning@yahoo.com,NY,Hicksville
816,Marshall Johnson,456903354,marshall.johnson@yahoo.com,CA,Vista
817,Zelda Pratt,491541006,zelda.pratt@gmail.com,NY,Lancaster
818,Joel Wynn,208057383,joel.wynn@aol.com,CA,San Diego
819,Yahaira Robertson,799729965,yahaira.robertson@yahoo.com,NY,Endicott
820,Sandy Mills,141334599,sandy.mills@gmail.com,NY,Schenectady
821,Cassidy Clark,677896554,cassidy.clark@hotmail.com,NY,Astoria
822,Kristy Watkins,825861382,kristy.watkins@gmail.com,NY,Howard Beach
823,Tina Bush,796338437,tina.bush@aol.com,NY,Maspeth
824,Veronika Rollins,245515633,veronika.rollins@yahoo.com,NY,Webster
825,Kristel Byrd,143956766,kristel.byrd@hotmail.com,NY,Hicksville
826,Shay Stephenson,269936175,shay.stephenson@aol.com,NY,Smithtown
827,George Pickett,587363199,george.pickett@msn.com,NY,Sunnyside
828,Renato Morton,584191633,renato.morton@msn.com,NY,Mount Vernon
829,Marcy Rodriguez,347776905,marcy.rodriguez@gmail.com,NY,Lockport
830,Edmund Gaines,997452950,edmund.gaines@gmail.com,TX,Copperas Cove
831,Lory Berg,339390806,lory.berg@aol.com,NY,Oswego
832,Pamala Fowler,176684429,pamala.fowler@gmail.com,NY,Ballston Spa
833,Leone Emerson,319388363,leone.emerson@msn.com,NY,Whitestone
834,Brain Skinner,290335390,brain.skinner@hotmail.com,TX,Euless
835,Roseanne Maynard,758930966,roseanne.maynard@yahoo.com,TX,Euless
836,Corinna Adams,974159204,corinna.adams@msn.com,NY,Rosedale
837,Kellye Campbell,730429117,kellye.campbell@gmail.com,NY,Baldwinsville
838,Erna Sloan,873345338,erna.sloan@aol.com,NY,Howard Beach
839,Carolann Russell,446947591,carolann.russell@hotmail.com,NY,Glen Cove
840,Gilbert Calhoun,410973567,gilbert.calhoun@msn.com,NY,East Elmhurst
841,Manie Maxwell,459351130,manie.maxwell@gmail.com,NY,Ronkonkoma
842,Giselle Robles,413045860,giselle.robles@hotmail.com,TX,San Angelo
843,Tessie Farmer,104483254,tessie.farmer@msn.com,NY,Plattsburgh
844,Felica Munoz,974529108,felica.munoz@aol.com,NY,South Ozone Park
845,Kathyrn Bush,810800032,kathyrn.bush@gmail.com,NY,Bronx
846,Sylvester Chan,576546199,sylvester.chan@hotmail.com,CA,Rocklin
847,Lizette Ellison,165383256,lizette.ellison@hotmail.com,NY,Port Washington
848,Ernestina Skinner,754546015,ernestina.skinner@hotmail.com,NY,Elmhurst
849,Phyllis Hill,312544523,phyllis.hill@yahoo.com,NY,Syosset
850,Stephanie Browning,295207620,stephanie.browning@yahoo.com,TX,Rowlett
851,Arlena Buckner,706556880,arlena.buckner@hotmail.com,NY,New Hyde Park
852,Lezlie Thompson,587690961,lezlie.thompson@yahoo.com,NY,Freeport
853,Brittney Rojas,600110381,brittney.rojas@aol.com,NY,Kingston
854,Phylis Adkins,692738412,phylis.adkins@msn.com,NY,New York
855,Lean Stark,683510960,lean.stark@msn.com,CA,Upland
856,Lara Guy,382826910,lara.guy@aol.com,NY,Ronkonkoma
857,Inga Koch,830717248,inga.koch@msn.com,NY,New Windsor
858,Klara Kim,461526794,klara.kim@gmail.com,NY,Rome
859,Julianne Shannon,604264745,julianne.shannon@hotmail.com,TX,Sugar Land
860,Loni Mullen,286785292,loni.mullen@msn.com,NY,South Ozone Park
861,Olympia Figueroa,205896770,olympia.figueroa@hotmail.com,NY,Hopewell Junction
862,Mellie Puckett,205404761,mellie.puckett@yahoo.com,NY,Fresh Meadows
863,Shonta Preston,893512298,shonta.preston@msn.com,NY,Utica
864,Lore Sykes,180612817,lore.sykes@aol.com,NY,Buffalo
865,Julia Joyner,418320372,julia.joyner@msn.com,NY,Astoria
866,Lynwood Jackson,352118572,lynwood.jackson@aol.com,TX,Longview
867,Rosalva Hamilton,985201997,rosalva.hamilton@aol.com,CA,Campbell
868,Domingo Casey,734738332,domingo.casey@msn.com,CA,San Jose
869,Rodrigo Durham,446355436,rodrigo.durham@aol.com,NY,Richmond Hill
870,Dwain Carlson,313724613,dwain.carlson@gmail.com,NY,Smithtown
871,Erlinda Humphrey,337698882,erlinda.humphrey@hotmail.com,NY,New Windsor
872,Silas Tate,436184059,silas.tate@yahoo.com,TX,Corpus Christi
873,Patience Clayton,963985462,patience.clayton@hotmail.com,NY,Niagara Falls
874,Mila Good,407204147,mila.good@yahoo.com,NY,Plattsburgh
875,Tanesha Sawyer,510032927,tanesha.sawyer@aol.com,NY,Rosedale
876,Onita Macdonald,884648525,onita.macdonald@yahoo.com,NY,Glen Cove
877,Janine Manning,354036278,janine.manning@gmail.com,NY,Howard Beach
878,Melodie Melton,239406439,melodie.melton@yahoo.com,NY,Smithtown
879,Ethelyn Ray,231473197,ethelyn.ray@yahoo.com,NY,Garden City
880,Phebe Turner,859802673,phebe.turner@aol.com,NY,Sunnyside
881,Chloe Patel,306043420,chloe.patel@yahoo.com,CA,Santa Monica
882,Hilda Harvey,940713568,hilda.harvey@gmail.com,NY,Ballston Spa
883,Gilberte Duke,636701210,gilberte.duke@gmail.com,TX,El Paso
884,Willian Hardin,568233974,willian.hardin@msn.com,NY,Oswego
885,Janna Hayden,405678949,janna.hayden@msn.com,TX,Longview
886,Letisha May,104900761,letisha.may@yahoo.com,NY,North Tonawanda
887,Graig Cannon,902719008,graig.cannon@gmail.com,NY,Syosset
888,Coleen Navarro,186034755,coleen.navarro@aol.com,NY,Webster
889,Lucilla Williams,170866792,lucilla.williams@hotmail.com,CA,San Carlos
890,Rosanne George,900586849,rosanne.george@yahoo.com,NY,Ossining
891,Ashlie Parrish,543002135,ashlie.parrish@hotmail.com,NY,Monsey
892,Alissa Craft,552496062,alissa.craft@hotmail.com,NY,Ossining
893,Letty Cobb,337425610,letty.cobb@msn.com,NY,Depew
894,Nathaniel Richard,967166825,nathaniel.richard@gmail.com,NY,New Windsor
895,Elaina Key,277043650,elaina.key@msn.com,NY,Plainview
896,Stefani Gamble,703532869,stefani.gamble@aol.com,NY,New City
897,Bettyann Acosta,409184373,bettyann.acosta@gmail.com,NY,Lancaster
898,Crysta Velez,467132105,crysta.velez@yahoo.com,TX,Houston
899,Carisa Carpenter,408627906,carisa.carpenter@hotmail.com,TX,Victoria
900,Jule Davenport,986530269,jule.davenport@aol.com,CA,San Carlos
901,Lonna Franks,698784813,lonna.franks@yahoo.com,CA,Ontario
902,Elease Dejesus,428133482,elease.dejesus@gmail.com,NY,Oswego
903,Maira Long,561306699,maira.long@msn.com,NY,Hicksville
904,Jana Thomas,593638192,jana.thomas@yahoo.com,CA,San Jose
905,Hae Ramirez,296845740,hae.ramirez@hotmail.com,NY,Baldwinsville
906,Erik Leblanc,877693515,erik.leblanc@aol.com,TX,Sugar Land
907,Daina Sampson,400660642,daina.sampson@msn.com,TX,Longview
908,Delmar Wise,345353790,delmar.wise@yahoo.com,NY,Lockport
909,Alita Salinas,644730710,alita.salinas@hotmail.com,NY,Uniondale
910,Elenore William,896221375,elenore.william@msn.com,TX,Mcallen
911,Nikita Roy,712956477,nikita.roy@aol.com,NY,Pittsford
912,Inocencia Key,620751212,inocencia.key@hotmail.com,NY,Massapequa Park
913,Liliana Kerr,841542345,liliana.kerr@yahoo.com,TX,Desoto
914,Hortencia O'neil,130601761,hortencia.o'neil@hotmail.com,NY,Rockville Centre
915,Beryl Bennett,637059783,beryl.bennett@aol.com,CA,Sacramento
916,Alishia Elliott,209601820,alishia.elliott@aol.com,NY,Mount Vernon
917,Vernia Madden,259959547,vernia.madden@aol.com,NY,Troy
918,Kristel Bullock,208856378,kristel.bullock@yahoo.com,NY,Smithtown
919,Ruthanne Hoover,276068167,ruthanne.hoover@aol.com,CA,Torrance
920,James Robles,419971386,james.robles@aol.com,NY,North Tonawanda
921,Evelin Vargas,598918060,evelin.vargas@msn.com,NY,Webster
922,Elvia Cardenas,167380078,elvia.cardenas@hotmail.com,NY,Massapequa
923,Randee Pitts,154782935,randee.pitts@msn.com,CA,Canyon Country
924,Lea Irwin,326538955,lea.irwin@gmail.com,NY,New Windsor
925,Bryce Monroe,704603735,bryce.monroe@aol.com,NY,Kingston
926,Katina Mcintosh,866195799,katina.mcintosh@yahoo.com,CA,Bakersfield
927,Guillermo Hart,475741607,guillermo.hart@hotmail.com,NY,New York
928,Joann Barber,508404958,joann.barber@gmail.com,CA,Santa Monica
929,Thurman Ellis,861425483,thurman.ellis@gmail.com,CA,Pleasanton
930,Delana Wagner,632793192,delana.wagner@aol.com,NY,Clifton Park
931,Porter Bass,155252042,porter.bass@hotmail.com,TX,San Angelo
932,Yvonne Bean,481727424,yvonne.bean@yahoo.com,NY,Wappingers Falls
933,Lurline Rivers,124799508,lurline.rivers@msn.com,NY,Howard Beach
934,Ocie Slater,599849385,ocie.slater@msn.com,NY,Hamburg
935,Genevie Miles,937233315,genevie.miles@aol.com,NY,Monroe
936,Sherilyn Wilcox,791187298,sherilyn.wilcox@gmail.com,NY,Ossining
937,Aida Koch,414305006,aida.koch@gmail.com,NY,West Hempstead
938,Emory O'connor,907998199,emory.o'connor@gmail.com,NY,Rochester
939,Maximina Hutchinson,245949788,maximina.hutchinson@hotmail.com,TX,Corpus Christi
940,Marina Hinton,256872466,marina.hinton@yahoo.com,CA,Encino
941,Danyell Dickerson,663619755,danyell.dickerson@msn.com,NY,Central Islip
942,Davis Long,634243661,davis.long@msn.com,NY,Lancaster
943,Lynn Mcmahon,910824563,lynn.mcmahon@msn.com,NY,Scarsdale
944,Tonja Henderson,471254554,tonja.henderson@aol.com,NY,Scarsdale
945,Krissy Ochoa,207136685,krissy.ochoa@msn.com,NY,Port Washington
946,Angella Bridges,350338988,angella.bridges@yahoo.com,NY,Pittsford
947,Angele Castro,476026595,angele.castro@yahoo.com,CA,Palos Verdes Peninsula
948,Siobhan Lang,301845134,siobhan.lang@gmail.com,NY,Levittown
949,Venessa Frost,121942625,venessa.frost@msn.com,NY,Scarsdale
950,Verna Solis,564097105,verna.solis@yahoo.com,NY,Rochester
951,Steve Bender,481219317,steve.bender@gmail.com,NY,Scarsdale
952,Aileen Marquez,710570783,aileen.marquez@msn.com,CA,Torrance
953,Kattie Stevenson,124541276,kattie.stevenson@aol.com,TX,Helotes
954,Hassan Nash,686964204,hassan.nash@yahoo.com,NY,Hicksville
955,Delfina Gilliam,424014443,delfina.gilliam@hotmail.com,NY,West Babylon
956,Venus Hewitt,272135003,venus.hewitt@msn.com,NY,Farmingdale
957,Stephen Vega,308298020,stephen.vega@msn.com,CA,Anaheim
958,Ciera Koch,380744522,ciera.koch@gmail.com,TX,Euless
959,Christel Barber,806209949,christel.barber@hotmail.com,CA,Sacramento
960,Arline Lawson,833607774,arline.lawson@gmail.com,NY,Hempstead
961,Iva Wilcox,685123681,iva.wilcox@aol.com,NY,Kingston
962,Maple Griffin,423354563,maple.griffin@gmail.com,TX,Copperas Cove
963,Anisha Lang,438720985,anisha.lang@aol.com,NY,Rome
964,Brent Calderon,424422778,brent.calderon@aol.com,TX,Corpus Christi
965,Margit Osborn,233540854,margit.osborn@yahoo.com,NY,Plainview
966,Novella Patel,523006477,novella.patel@gmail.com,NY,Glen Cove
967,Laurette Hebert,454802551,laurette.hebert@msn.com,NY,Canandaigua
968,Jonna Brown,903965430,jonna.brown@aol.com,NY,Mahopac
969,Jennell Solis,948784705,jennell.solis@hotmail.com,NY,Rochester
970,Ruth Horton,714672251,ruth.horton@gmail.com,NY,Hollis
971,Samual Warner,703167245,samual.warner@gmail.com,NY,Brentwood
972,Damian Mills,617447755,damian.mills@yahoo.com,NY,Long Beach
973,Margaretta Clayton,930290388,margaretta.clayton@yahoo.com,CA,Ridgecrest
974,Marcell Barrett,717734868,marcell.barrett@gmail.com,NY,Astoria
975,Annis Sanchez,448093972,annis.sanchez@aol.com,CA,Los Angeles
976,Ayanna Cherry,899773246,ayanna.cherry@yahoo.com,NY,Smithtown
977,Barton Cox,391592452,barton.cox@yahoo.com,NY,Amityville
978,Diana Reyes,832695764,diana.reyes@msn.com,NY,Bronx
979,Ingeborg Ellison,893779934,ingeborg.ellison@yahoo.com,NY,Ithaca
980,Carter Booth,436739057,carter.booth@msn.com,NY,Port Chester
981,Christel Cardenas,189397581,christel.cardenas@aol.com,NY,Long Beach
982,Orval Hunter,216336388,orval.hunter@aol.com,TX,San Angelo
983,Marguerite Berger,495411739,marguerite.berger@aol.com,CA,Fullerton
984,Ivette Warren,802091002,ivette.warren@gmail.com,NY,Franklin Square
985,Milagros Weber,656334771,milagros.weber@hotmail.com,TX,Harlingen
986,Marcel Lindsay,331980954,marcel.lindsay@hotmail.com,NY,Ossining
987,Louis Powell,320710311,louis.powell@aol.com,NY,Staten Island
988,Vanda Holmes,170661143,vanda.holmes@aol.com,NY,Syosset
989,Loreen Byers,904877362,loreen.byers@yahoo.com,NY,South Ozone Park
990,Casimira Chapman,565363147,casimira.chapman@yahoo.com,NY,Monroe
991,Brigida Larson,484051529,brigida.larson@hotmail.com,CA,Canyon Country
992,Chere Alston,886993318,chere.alston@gmail.com,NY,Patchogue
993,Giovanna Jefferson,713913628,giovanna.jefferson@gmail.com,CA,Ridgecrest
994,Demarcus Reese,258001787,demarcus.reese@gmail.com,NY,Yorktown Heights
995,Amina Salazar,549967421,amina.salazar@aol.com,NY,Canandaigua
996,Serafina Clemons,179647208,serafina.clemons@gmail.com,NY,Shirley
997,Trinidad Mcclain,772787290,trinidad.mcclain@msn.com,NY,Baldwin
998,Heather Chaney,516915613,heather.chaney@yahoo.com,NY,Jamestown
999,Latoya Johns,901653173,latoya.johns@hotmail.com,NY,Ballston Spa
1000,Shiloh Reeves,849775614,shiloh.reeves@msn.com,NY,West Babylon
1001,Lee Roman,849864786,lee.roman@gmail.com,NY,Brentwood
1002,Cami Williamson,639558384,cami.williamson@hotmail.com,NY,Massapequa
1003,Sharell Ross,171061892,sharell.ross@msn.com,CA,Vista
1004,Jerald Blackwell,267016118,jerald.blackwell@hotmail.com,NY,East Elmhurst
1005,Ruthanne Franco,568775128,ruthanne.franco@yahoo.com,NY,Astoria
1006,Marjory Leonard,863328984,marjory.leonard@msn.com,CA,Apple Valley
1007,Jimmy Russell,538488359,jimmy.russell@hotmail.com,NY,Howard Beach
1008,Berneice Pollard,209058599,berneice.pollard@hotmail.com,TX,Forney
1009,Deangelo Cooley,818450363,deangelo.cooley@aol.com,NY,Rosedale
1010,Katia Henry,454603668,katia.henry@msn.com,NY,Bethpage
1011,Sebrina Gross,800409342,sebrina.gross@yahoo.com,TX,Garland
1012,Josephine Dale,472477758,josephine.dale@aol.com,NY,Baldwinsville
1013,Alma Peck,576867285,alma.peck@aol.com,NY,Corona
1014,Ling Newman,377913066,ling.newman@msn.com,NY,South Richmond Hill
1015,Nichelle Rosario,425253521,nichelle.rosario@hotmail.com,NY,Garden City
1016,Shenna Benton,474383027,shenna.benton@msn.com,NY,New York
1017,Philip Bryan,867583588,philip.bryan@hotmail.com,CA,Oakland
1018,Carita Salinas,171129536,carita.salinas@yahoo.com,NY,Maspeth
1019,Janie Herrera,832540550,janie.herrera@gmail.com,NY,Elmhurst
1020,Lorraine Marks,504520943,lorraine.marks@msn.com,CA,San Carlos
1021,Nicolas Carlson,387598639,nicolas.carlson@yahoo.com,NY,Saint Albans
1022,Hye Mercer,387797716,hye.mercer@gmail.com,NY,Mahopac
1023,Adena Blake,154028081,adena.blake@hotmail.com,NY,Ballston Spa
1024,Coleman Boyd,385439890,coleman.boyd@yahoo.com,TX,El Paso
1025,Daphine Willis,815136790,daphine.willis@msn.com,NY,Farmingdale
1026,Jenine Dawson,838635865,jenine.dawson@msn.com,NY,Endicott
1027,Shanita Wiley,771040930,shanita.wiley@yahoo.com,NY,Saint Albans
1028,Shanna Bonner,293280234,shanna.bonner@msn.com,NY,Canandaigua
1029,Ping Quinn,764935351,ping.quinn@gmail.com,TX,Rowlett
1030,Saran Moses,245622378,saran.moses@yahoo.com,NY,Brooklyn
1031,Tonja Bean,123413979,tonja.bean@aol.com,NY,Fairport
1032,Vernon Knowles,837610966,vernon.knowles@yahoo.com,NY,Huntington Station
1033,Jeannette Skinner,109839252,jeannette.skinner@yahoo.com,NY,Forest Hills
1034,Rico Salas,377652986,rico.salas@msn.com,NY,Centereach
1035,Tangela Hurley,497535712,tangela.hurley@msn.com,CA,Campbell
1036,Randee Lester,163839566,randee.lester@gmail.com,NY,Centereach
1037,Ashanti Hammond,633884778,ashanti.hammond@msn.com,NY,Nanuet
1038,Garry Juarez,982373557,garry.juarez@hotmail.com,NY,Forest Hills
1039,Bee Baker,898482943,bee.baker@aol.com,NY,Liverpool
1040,Shantae Hammond,971861106,shantae.hammond@hotmail.com,TX,Victoria
1041,Bettye Espinoza,921290317,bettye.espinoza@yahoo.com,NY,Oswego
1042,Larissa Hays,152867610,larissa.hays@aol.com,NY,Elmont
1043,Diane Jones,752321911,diane.jones@gmail.com,NY,Fresh Meadows
1044,Zenia Bruce,431177022,zenia.bruce@aol.com,NY,Rosedale
1045,Pasquale Hogan,918176937,pasquale.hogan@aol.com,CA,Vista
1046,Dane Mcdaniel,148476245,dane.mcdaniel@hotmail.com,NY,Canandaigua
1047,Jamaal Baker,934576606,jamaal.baker@hotmail.com,NY,Elmhurst
1048,Ji Burt,744668003,ji.burt@hotmail.com,CA,Apple Valley
1049,Marcelino Mcbride,706164305,marcelino.mcbride@hotmail.com,NY,Clifton Park
1050,Rozella Fitzgerald,337275870,rozella.fitzgerald@yahoo.com,NY,Shirley
1051,Tonisha Fowler,463622739,tonisha.fowler@msn.com,NY,Huntington Station
1052,Zora Ford,242604875,zora.ford@gmail.com,CA,Sacramento
1053,Parthenia Figueroa,964815078,parthenia.figueroa@msn.com,NY,Mahopac
1054,Arielle Levine,385395624,arielle.levine@yahoo.com,TX,Garland
1055,Hildegarde Christensen,976065465,hildegarde.christensen@hotmail.com,NY,Maspeth
1056,Rebbecca Espinoza,701939272,rebbecca.espinoza@hotmail.com,NY,Mount Vernon
1057,Conchita Boone,801983023,conchita.boone@gmail.com,NY,Mount Vernon
1058,Aisha Woods,250493851,aisha.woods@gmail.com,NY,Webster
1059,Season Harvey,209123667,season.harvey@yahoo.com,NY,East Northport
1060,Tommie Cooley,430221212,tommie.cooley@yahoo.com,NY,Lancaster
1061,Alanna Barry,510002180,alanna.barry@yahoo.com,TX,Euless
1062,Jerri Guthrie,848130179,jerri.guthrie@msn.com,NY,Carmel
1063,Tammy Austin,115504303,tammy.austin@yahoo.com,TX,Lake Jackson
1064,Patsy Russo,222101356,patsy.russo@gmail.com,TX,Rowlett
1065,Desiree Branch,682114391,desiree.branch@msn.com,CA,San Lorenzo
1066,Raeann Duncan,337828721,raeann.duncan@aol.com,CA,Anaheim
1067,Lillia Gillespie,999915388,lillia.gillespie@hotmail.com,NY,Rego Park
1068,Doris Kaufman,837047334,doris.kaufman@gmail.com,CA,Duarte
1069,Rodolfo Buck,188019029,rodolfo.buck@gmail.com,NY,Shirley
1070,Olimpia Mays,779607771,olimpia.mays@aol.com,NY,Oakland Gardens
1071,Shemeka Lyons,254171605,shemeka.lyons@msn.com,CA,Pomona
1072,Maryalice Henry,499394391,maryalice.henry@msn.com,TX,Richardson
1073,Leeanne Cross,784214543,leeanne.cross@yahoo.com,NY,Bayside
1074,Lanelle Guerra,357000468,lanelle.guerra@yahoo.com,NY,Floral Park
1075,Dann Huff,331875885,dann.huff@gmail.com,NY,Huntington Station
1076,Sherise Mercer,334367918,sherise.mercer@gmail.com,CA,Vista
1077,Heather Perry,979917834,heather.perry@gmail.com,NY,Sunnyside
1078,Theresia Barron,171177116,theresia.barron@aol.com,NY,Forest Hills
1079,Cindi Ellis,775088584,cindi.ellis@yahoo.com,NY,Floral Park
1080,Mirella Duffy,685399882,mirella.duffy@yahoo.com,TX,Longview
1081,Carson Macias,236846263,carson.macias@gmail.com,NY,New Rochelle
1082,Divina Madden,673242738,divina.madden@gmail.com,NY,Long Beach
1083,Cher Alston,956061551,cher.alston@msn.com,NY,Wantagh
1084,Regine Odom,694016538,regine.odom@msn.com,NY,Franklin Square
1085,Adam Thornton,821409460,adam.thornton@hotmail.com,NY,Central Islip
1086,Cori Schwartz,507159110,cori.schwartz@msn.com,NY,Jamaica
1087,Willow Gardner,512947086,willow.gardner@gmail.com,CA,Pleasanton
1088,Jane Henderson,960629230,jane.henderson@hotmail.com,CA,Apple Valley
1089,Chere Mcfadden,216770458,chere.mcfadden@yahoo.com,NY,Orchard Park
1090,Ira Erickson,105840571,ira.erickson@aol.com,NY,Port Jefferson Station
1091,Risa Gallagher,974066123,risa.gallagher@yahoo.com,CA,Rocklin
1092,Lavinia Cotton,960073210,lavinia.cotton@yahoo.com,NY,East Northport
1093,Alejandrina Hodges,664030683,alejandrina.hodges@msn.com,NY,Deer Park
1094,Keitha Black,943037008,keitha.black@yahoo.com,NY,Lindenhurst
1095,Corene Swanson,984265269,corene.swanson@aol.com,NY,Rego Park
1096,Tonda Webb,207717864,tonda.webb@yahoo.com,NY,Baldwinsville
1097,Collen Dennis,882932337,collen.dennis@gmail.com,CA,San Pablo
1098,Treasa Dickerson,791863329,treasa.dickerson@hotmail.com,NY,Rockville Centre
1099,Jewell Reyes,460389954,jewell.reyes@hotmail.com,NY,Jackson Heights
1100,Penny Acevedo,342175186,penny.acevedo@yahoo.com,NY,Ballston Spa
1101,Louise Flowers,208241490,louise.flowers@yahoo.com,NY,Depew
1102,Henrietta Wagner,283097213,henrietta.wagner@hotmail.com,TX,Fort Worth
1103,Ardelia Cooley,414027144,ardelia.cooley@aol.com,CA,Canyon Country
1104,Khalilah Robertson,189808592,khalilah.robertson@aol.com,NY,Spring Valley
1105,Armando Black,103385454,armando.black@gmail.com,TX,Richardson
1106,Jerri Henry,473801058,jerri.henry@msn.com,NY,Spring Valley
1107,Lynda Newman,584726978,lynda.newman@msn.com,NY,Saratoga Springs
1108,Bao Wade,580888641,bao.wade@gmail.com,TX,Desoto
1109,Gussie Harding,413036069,gussie.harding@gmail.com,NY,Deer Park
1110,Shirely Cantrell,803287419,shirely.cantrell@aol.com,NY,West Hempstead
1111,Caroline Jenkins,963857952,caroline.jenkins@msn.com,TX,Richardson
1112,Hollis Rasmussen,156975215,hollis.rasmussen@yahoo.com,NY,Massapequa
1113,Kendra Harrington,848074176,kendra.harrington@yahoo.com,NY,Jamestown
1114,Douglass Blankenship,671104943,douglass.blankenship@hotmail.com,NY,Albany
1115,Lina Meadows,861036879,lina.meadows@aol.com,NY,Glen Cove
1116,Patria Harper,501820719,patria.harper@msn.com,NY,Astoria
1117,Jeffrey Hill,106443688,jeffrey.hill@gmail.com,NY,Rosedale
1118,Ja Dillard,760451878,ja.dillard@yahoo.com,CA,Canyon Country
1119,Tora Dunlap,558747351,tora.dunlap@hotmail.com,NY,Monsey
1120,Karole Alvarez,221403615,karole.alvarez@gmail.com,NY,East Northport
1121,Shasta Combs,420704576,shasta.combs@yahoo.com,NY,Yorktown Heights
1122,Cicely Deleon,911063292,cicely.deleon@yahoo.com,NY,Massapequa Park
1123,Raphael O'neil,188711491,raphael.o'neil@aol.com,NY,Fairport
1124,Hubert Reilly,455213126,hubert.reilly@hotmail.com,NY,Amityville
1125,Caleb England,151741563,caleb.england@gmail.com,CA,Pleasanton
1126,Elmira Levy,115846447,elmira.levy@gmail.com,NY,Spring Valley
1127,Waldo Hart,222772480,waldo.hart@yahoo.com,NY,Queensbury
1128,Bea Kane,820160785,bea.kane@aol.com,NY,Mahopac
1129,Gilberto Sanders,137032398,gilberto.sanders@hotmail.com,NY,Woodside
1130,Benny Bender,587868450,benny.bender@aol.com,NY,Elmont
1131,Desmond Rose,801887342,desmond.rose@hotmail.com,NY,Mount Vernon
1132,Parthenia Holman,495506734,parthenia.holman@gmail.com,NY,Ithaca
1133,Dung King,248978863,dung.king@aol.com,NY,West Islip
1134,Sherril Alvarado,574892518,sherril.alvarado@hotmail.com,TX,Desoto
1135,Alisia Albert,843532997,alisia.albert@gmail.com,TX,Garland
1136,Kallie Best,432647327,kallie.best@aol.com,NY,Rochester
1137,Dottie Roberts,437065153,dottie.roberts@aol.com,NY,Port Washington
1138,Hubert Stone,533491568,hubert.stone@hotmail.com,CA,Ridgecrest
1139,Gabriella Jones,280135612,gabriella.jones@hotmail.com,NY,Mount Vernon
1140,Penney Hall,898974683,penney.hall@msn.com,NY,Liverpool
1141,Mallie Osborn,949660391,mallie.osborn@gmail.com,NY,Newburgh
1142,Britteny Schroeder,134511439,britteny.schroeder@aol.com,NY,Pittsford
1143,Sommer Hopkins,632102431,sommer.hopkins@gmail.com,NY,Tonawanda
1144,Jewel Sparks,826180155,jewel.sparks@aol.com,NY,Oakland Gardens
1145,Deandrea Vega,364995448,deandrea.vega@gmail.com,NY,Yonkers
1146,Charlsie Carson,681943465,charlsie.carson@hotmail.com,NY,Saint Albans
1147,Kandace Ayers,471734001,kandace.ayers@gmail.com,CA,Santa Monica
1148,Lenore Valdez,698751865,lenore.valdez@msn.com,NY,Spring Valley
1149,Drucilla Gilliam,954243750,drucilla.gilliam@hotmail.com,CA,Santa Clara
1150,Keturah Reid,234779815,keturah.reid@yahoo.com,TX,Corpus Christi
1151,Herminia Reyes,255941599,herminia.reyes@gmail.com,NY,Centereach
1152,Tuyet Rosa,999100192,tuyet.rosa@aol.com,CA,South El Monte
1153,Ara Vazquez,960169082,ara.vazquez@msn.com,CA,San Carlos
1154,Barry Albert,104893946,barry.albert@gmail.com,NY,Auburn
1155,Verdell Joyner,114361224,verdell.joyner@aol.com,NY,Far Rockaway
1156,Han Wade,513410170,han.wade@hotmail.com,NY,Howard Beach
1157,Anton Barton,327316074,anton.barton@msn.com,NY,Buffalo
1158,Vito Pickett,675076623,vito.pickett@hotmail.com,NY,Canandaigua
1159,Charlene Norris,411827742,charlene.norris@msn.com,NY,Syosset
1160,Efren Whitfield,479655358,efren.whitfield@gmail.com,TX,Euless
1161,Santa Larson,128934100,santa.larson@gmail.com,NY,Valley Stream
1162,Carmelina Sellers,318228116,carmelina.sellers@hotmail.com,NY,Ithaca
1163,Carmela Hays,620197433,carmela.hays@aol.com,CA,Lawndale
1164,Patrina Tanner,299676593,patrina.tanner@gmail.com,NY,Scarsdale
1165,Rikki Morrow,313374441,rikki.morrow@hotmail.com,TX,Fort Worth
1166,Junita Reese,139011988,junita.reese@gmail.com,NY,Bay Shore
1167,Ryan Carter,708633813,ryan.carter@yahoo.com,NY,Nanuet
1168,Almeta Benjamin,216809892,almeta.benjamin@aol.com,NY,Sunnyside
1169,Beatris Joyner,643272300,beatris.joyner@gmail.com,NY,Spring Valley
1170,Mechelle Chan,778796669,mechelle.chan@gmail.com,NY,Richmond Hill
1171,Earlean Pena,661101561,earlean.pena@yahoo.com,NY,Rome
1172,Katherin Clark,721542341,katherin.clark@yahoo.com,NY,Pittsford
1173,Chanel May,131370695,chanel.may@msn.com,NY,Garden City
1174,Aaron Knapp,943971285,aaron.knapp@yahoo.com,NY,Yonkers
1175,Sindy Anderson,300488199,sindy.anderson@gmail.com,CA,Pomona
1176,Sheree Blanchard,214486494,sheree.blanchard@gmail.com,NY,Queensbury
1177,Charlesetta Soto,641187993,charlesetta.soto@yahoo.com,NY,Poughkeepsie
1178,Wendie Nash,277113116,wendie.nash@hotmail.com,CA,Oxnard
1179,Vernetta Banks,936528131,vernetta.banks@aol.com,NY,Brooklyn
1180,Myrtle Gardner,202378910,myrtle.gardner@aol.com,NY,Farmingdale
1181,Agustina Lawrence,144461431,agustina.lawrence@yahoo.com,NY,Brooklyn
1182,Trinidad Chapman,690958385,trinidad.chapman@aol.com,NY,Ronkonkoma
1183,Kim Clark,739138488,kim.clark@msn.com,NY,Merrick
1184,Annabelle Hebert,867826122,annabelle.hebert@aol.com,NY,Spring Valley
1185,Corine Stuart,514559362,corine.stuart@msn.com,NY,Clifton Park
1186,Kiesha Bond,359606311,kiesha.bond@aol.com,CA,San Carlos
1187,Kenyetta Mason,610154772,kenyetta.mason@msn.com,NY,Flushing
1188,Marcene Curtis,729526405,marcene.curtis@msn.com,NY,Yonkers
1189,Sheila Goodman,752588434,sheila.goodman@msn.com,NY,Uniondale
1190,Romeo Steele,577899959,romeo.steele@msn.com,NY,Port Jefferson Station
1191,Tam Fisher,576840719,tam.fisher@aol.com,NY,Rochester
1192,Gena Owens,870943096,gena.owens@gmail.com,TX,Desoto
1193,Phebe Soto,109805678,phebe.soto@hotmail.com,NY,South Ozone Park
1194,Leticia Snyder,575748883,leticia.snyder@yahoo.com,NY,Pittsford
1195,Chantell Bridges,667205487,chantell.bridges@yahoo.com,NY,Buffalo
1196,Ileana Holt,670894943,ileana.holt@msn.com,NY,Patchogue
1197,Nakisha Clay,100522390,nakisha.clay@gmail.com,NY,Port Washington
1198,Cheryll Snyder,742758136,cheryll.snyder@yahoo.com,NY,Brooklyn
1199,Consuela Collier,381567262,consuela.collier@msn.com,NY,North Tonawanda
1200,Aubrey Durham,739489214,aubrey.durham@aol.com,NY,Port Washington
1201,Nita Guy,626571615,nita.guy@hotmail.com,NY,Port Chester
1202,Carmina Emerson,112390433,carmina.emerson@hotmail.com,CA,Banning
1203,Georgeann Rojas,334038445,georgeann.rojas@msn.com,TX,Desoto
1204,Leslie Higgins,414002400,leslie.higgins@hotmail.com,NY,Saratoga Springs
1205,Emmaline Huber,366503657,emmaline.huber@gmail.com,NY,Mount Vernon
1206,Mercy Brown,986043676,mercy.brown@msn.com,NY,Hollis
1207,Jenell Crosby,990548771,jenell.crosby@hotmail.com,NY,Brentwood
1208,Leila Barr,193707078,leila.barr@yahoo.com,NY,Carmel
1209,Deandrea Cox,346274075,deandrea.cox@msn.com,NY,Huntington
1210,Shawnna Frank,319664595,shawnna.frank@hotmail.com,NY,Woodside
1211,Brenton Whitaker,575413751,brenton.whitaker@gmail.com,NY,Niagara Falls
1212,Jaqueline Cummings,797606403,jaqueline.cummings@hotmail.com,NY,Huntington Station
1213,Yang Giles,512674647,yang.giles@gmail.com,TX,San Angelo
1214,Brigid Sharp,358710078,brigid.sharp@hotmail.com,CA,Santa Clara
1215,Karl Stephens,736538390,karl.stephens@gmail.com,NY,Rockville Centre
1216,Elvina Gates,157947033,elvina.gates@hotmail.com,CA,Pleasanton
1217,Carlie Terrell,663875976,carlie.terrell@yahoo.com,NY,Yonkers
1218,Donovan Cantrell,339807930,donovan.cantrell@msn.com,CA,Oakland
1219,Alden Atkinson,677798954,alden.atkinson@gmail.com,NY,Shirley
1220,Carissa Cross,125592771,carissa.cross@yahoo.com,NY,Huntington Station
1221,Joy Underwood,718178723,joy.underwood@gmail.com,CA,Apple Valley
1222,Geraldine O'donnell,343940228,geraldine.o'donnell@hotmail.com,NY,Flushing
1223,Bronwyn Vargas,318000302,bronwyn.vargas@msn.com,NY,New Windsor
1224,Abram Copeland,137906716,abram.copeland@gmail.com,TX,Harlingen
1225,Mellisa Griffin,743679636,mellisa.griffin@msn.com,CA,Los Banos
1226,Qiana Jackson,177047984,qiana.jackson@gmail.com,NY,East Northport
1227,Magali Dixon,227350300,magali.dixon@msn.com,NY,Troy
1228,Zulema Clemons,238391573,zulema.clemons@aol.com,CA,Oakland
1229,Carina Lynch,177947339,carina.lynch@gmail.com,NY,Wappingers Falls
1230,Jesus Burch,648138555,jesus.burch@hotmail.com,TX,Desoto
1231,Selene Vega,112869099,selene.vega@gmail.com,CA,Campbell
1232,Jong Guthrie,156205311,jong.guthrie@hotmail.com,NY,Bethpage
1233,Lise Hebert,432040512,lise.hebert@gmail.com,CA,Vista
1234,Joshua Berg,296858063,joshua.berg@hotmail.com,NY,Ossining
1235,Georgina Gonzales,311544718,georgina.gonzales@yahoo.com,NY,Endicott
1236,Rudolph Velez,360775779,rudolph.velez@yahoo.com,NY,Mount Vernon
1237,Luke Kramer,493926545,luke.kramer@hotmail.com,NY,Bethpage
1238,Edgar Quinn,752310696,edgar.quinn@aol.com,TX,Harlingen
1239,Tara Maynard,777965911,tara.maynard@hotmail.com,NY,Lindenhurst
1240,Bella Perez,991883408,bella.perez@msn.com,CA,Duarte
1241,Nathaniel Davidson,193165687,nathaniel.davidson@hotmail.com,NY,Rome
1242,Chauncey Donaldson,515461057,chauncey.donaldson@aol.com,NY,Franklin Square
1243,Heide Reed,450188996,heide.reed@yahoo.com,NY,Floral Park
1244,Trang Hardin,845954318,trang.hardin@yahoo.com,NY,Depew
1245,Gabriela Warren,801931887,gabriela.warren@aol.com,NY,Long Beach
1246,Dale Rasmussen,887669286,dale.rasmussen@aol.com,NY,Kingston
1247,Tammie Cherry,428122275,tammie.cherry@hotmail.com,NY,Massapequa
1248,Bethany Herring,221595609,bethany.herring@yahoo.com,NY,Port Jefferson Station
1249,Barbra Dickerson,933851696,barbra.dickerson@gmail.com,CA,Ridgecrest
1250,Neoma Daugherty,877594196,neoma.daugherty@gmail.com,NY,Mount Vernon
1251,Nanette Roman,474419979,nanette.roman@yahoo.com,CA,Glendora
1252,Adriene Rollins,179151836,adriene.rollins@msn.com,NY,Plainview
1253,Susannah Fields,389392593,susannah.fields@hotmail.com,NY,Far Rockaway
1254,Dung Reid,751932156,dung.reid@msn.com,CA,Canyon Country
1255,Ben Stone,982395694,ben.stone@gmail.com,NY,Ithaca
1256,Nubia Anderson,776330726,nubia.anderson@aol.com,NY,Ronkonkoma
1257,Rosamaria Meyer,363745911,rosamaria.meyer@yahoo.com,NY,Webster
1258,Todd Waters,962330501,todd.waters@yahoo.com,NY,Bay Shore
1259,Kimbery Nieves,639656909,kimbery.nieves@msn.com,CA,San Carlos
1260,Phuong Wolf,663774564,phuong.wolf@yahoo.com,NY,Schenectady
1261,Adelaida Hancock,176733888,adelaida.hancock@aol.com,CA,San Pablo
1262,Brianne Hays,883553956,brianne.hays@gmail.com,CA,San Pablo
1263,Rufina Chandler,213101146,rufina.chandler@aol.com,NY,New Hyde Park
1264,Devin Velazquez,746319362,devin.velazquez@aol.com,NY,Brentwood
1265,Bonita Marshall,753791492,bonita.marshall@msn.com,NY,Endicott
1266,Myrl Gay,782021291,myrl.gay@hotmail.com,TX,Garland
1267,Earline Gordon,605910518,earline.gordon@gmail.com,NY,Ronkonkoma
1268,Sung Chambers,644776806,sung.chambers@gmail.com,NY,Kingston
1269,Gustavo Gamble,166313018,gustavo.gamble@msn.com,NY,Port Washington
1270,Ciera Webb,600354397,ciera.webb@yahoo.com,NY,Orchard Park
1271,Roy Chan,181918840,roy.chan@hotmail.com,CA,Pomona
1272,Houston Vasquez,313808913,houston.vasquez@msn.com,CA,Fullerton
1273,Cheree Hale,858502290,cheree.hale@yahoo.com,NY,Oswego
1274,Odette Moses,336376286,odette.moses@gmail.com,NY,Newburgh
1275,Lenita Bonner,295615457,lenita.bonner@aol.com,CA,Los Banos
1276,Shona Mcmillan,550784342,shona.mcmillan@msn.com,CA,Apple Valley
1277,Piedad Irwin,532868855,piedad.irwin@hotmail.com,NY,Coram
1278,Loan Graham,884541325,loan.graham@yahoo.com,NY,Jackson Heights
1279,Stan Saunders,432715581,stan.saunders@yahoo.com,NY,Canandaigua
1280,Jackeline Colon,452003880,jackeline.colon@msn.com,NY,Wappingers Falls
1281,Marlen Dawson,855024701,marlen.dawson@msn.com,NY,Woodside
1282,Alexis Mack,298292867,alexis.mack@aol.com,NY,New City
1283,Mica Barry,775228787,mica.barry@yahoo.com,NY,Hopewell Junction
1284,Shanice Spears,727285502,shanice.spears@msn.com,NY,Brooklyn
1285,Garth Huff,873358442,garth.huff@yahoo.com,CA,Glendora
1286,Dione Pratt,565646596,dione.pratt@msn.com,CA,Pleasanton
1287,Victor Pittman,913349090,victor.pittman@aol.com,NY,Astoria
1288,Allie Conley,490084263,allie.conley@msn.com,CA,Lawndale
1289,Shanelle Anderson,107946247,shanelle.anderson@yahoo.com,NY,Bethpage
1290,Minnie Compton,551893054,minnie.compton@gmail.com,NY,South Richmond Hill
1291,Shiloh Bates,354155872,shiloh.bates@msn.com,NY,Monsey
1292,Lakenya Oliver,464308685,lakenya.oliver@yahoo.com,CA,San Lorenzo
1293,Sally Kinney,361878844,sally.kinney@msn.com,NY,Floral Park
1294,Edith Davenport,834772610,edith.davenport@gmail.com,CA,Ontario
1295,Alline Beasley,705524756,alline.beasley@yahoo.com,NY,North Tonawanda
1296,Travis Whitley,329919861,travis.whitley@aol.com,NY,Saint Albans
1297,Vanessa West,104779908,vanessa.west@gmail.com,NY,New Rochelle
1298,Trudy Riddle,504086067,trudy.riddle@aol.com,NY,Schenectady
1299,Shauna Edwards,749341525,shauna.edwards@msn.com,NY,Yorktown Heights
1300,Clorinda Donovan,942503136,clorinda.donovan@msn.com,NY,Jamestown
1301,Raven Curtis,951362388,raven.curtis@aol.com,CA,Lawndale
1302,Verda Gilbert,998356560,verda.gilbert@gmail.com,NY,East Northport
1303,Renay Atkins,236330638,renay.atkins@aol.com,NY,Woodside
1304,Tama Berg,865838842,tama.berg@hotmail.com,NY,Hollis
1305,Dalia Carson,110137352,dalia.carson@aol.com,NY,Rochester
1306,America Swanson,158025962,america.swanson@msn.com,NY,Webster
1307,Cinda Rocha,478511398,cinda.rocha@hotmail.com,CA,Los Banos
1308,Shea Howell,533838469,shea.howell@msn.com,CA,South El Monte
1309,Kimberli Cline,821795464,kimberli.cline@yahoo.com,NY,Centereach
1310,Emanuel Mckee,959053116,emanuel.mckee@yahoo.com,NY,Schenectady
1311,Whitley Cannon,621276740,whitley.cannon@msn.com,NY,Coram
1312,Tereasa Bird,837212861,tereasa.bird@aol.com,NY,Ronkonkoma
1313,Dante Grimes,359773726,dante.grimes@yahoo.com,CA,Duarte
1314,Joeann Garrison,741533609,joeann.garrison@yahoo.com,CA,Ontario
1315,Omega Johnston,616041902,omega.johnston@gmail.com,CA,Canyon Country
1316,Conrad Mueller,683162049,conrad.mueller@yahoo.com,NY,Massapequa
1317,Glady Wells,942482230,glady.wells@gmail.com,NY,Syosset
1318,Tisha Petty,994221898,tisha.petty@msn.com,TX,San Antonio
1319,Claris Santiago,599718765,claris.santiago@msn.com,NY,Newburgh
1320,Obdulia Barber,905803857,obdulia.barber@gmail.com,NY,Newburgh
1321,Shantel Gregory,269258466,shantel.gregory@yahoo.com,NY,West Islip
1322,Ai Forbes,722493902,ai.forbes@yahoo.com,NY,Franklin Square
1323,Ebony Cotton,777156453,ebony.cotton@yahoo.com,NY,West Babylon
1324,Arla Ellis,630653238,arla.ellis@yahoo.com,NY,Utica
1325,Magdalena Sherman,422337127,magdalena.sherman@gmail.com,NY,Oswego
1326,Tarra Guerrero,156249740,tarra.guerrero@aol.com,NY,Auburn
1327,Consuela Romero,578214632,consuela.romero@hotmail.com,NY,Monroe
1328,Cindie Franklin,850072165,cindie.franklin@yahoo.com,CA,Lawndale
1329,Sharyn Brewer,868187185,sharyn.brewer@aol.com,NY,Hollis
1330,Karren Stevenson,767488938,karren.stevenson@aol.com,CA,San Carlos
1331,Divina Reeves,695435092,divina.reeves@hotmail.com,NY,Newburgh
1332,Novella Ross,206064123,novella.ross@gmail.com,CA,Glendora
1333,Omega Huff,632950364,omega.huff@aol.com,CA,Santa Monica
1334,Ashleigh Finch,848841626,ashleigh.finch@yahoo.com,NY,Newburgh
1335,Corina Lynch,990887770,corina.lynch@msn.com,NY,Rosedale
1336,Joe Melton,535635785,joe.melton@gmail.com,NY,New Windsor
1337,Bernetta Summers,365035776,bernetta.summers@aol.com,TX,Longview
1338,Inez Snider,981913854,inez.snider@gmail.com,NY,Ronkonkoma
1339,Neida King,947188229,neida.king@aol.com,NY,Oceanside
1340,Tona Velasquez,316793518,tona.velasquez@msn.com,NY,Whitestone
1341,Rozanne Reyes,751057824,rozanne.reyes@aol.com,NY,Garden City
1342,Lekisha Pope,410283442,lekisha.pope@msn.com,NY,Freeport
1343,Jama Rodriquez,100113151,jama.rodriquez@msn.com,CA,Upland
1344,Eloisa Tucker,235122280,eloisa.tucker@hotmail.com,NY,Howard Beach
1345,Arie Hunter,217611766,arie.hunter@msn.com,NY,Flushing
1346,Sanora Webster,354742415,sanora.webster@msn.com,CA,Los Angeles
1347,Kate Barber,962265748,kate.barber@hotmail.com,NY,Saratoga Springs
1348,Yvone Guerrero,166882764,yvone.guerrero@aol.com,NY,Merrick
1349,Kami Rios,469327104,kami.rios@yahoo.com,CA,Encino
1350,Annett Rush,600778849,annett.rush@hotmail.com,NY,Rosedale
1351,Carman Hardy,950647259,carman.hardy@yahoo.com,NY,Jamestown
1352,Dorothea Miranda,733573267,dorothea.miranda@aol.com,CA,Upland
1353,Agatha Daniels,389306474,agatha.daniels@yahoo.com,CA,South El Monte
1354,Alexandria Zamora,364489990,alexandria.zamora@yahoo.com,NY,Schenectady
1355,Thad Gilliam,813967184,thad.gilliam@hotmail.com,NY,Levittown
1356,Inger Jennings,695465615,inger.jennings@yahoo.com,NY,Patchogue
1357,Karren Lamb,423902180,karren.lamb@aol.com,CA,Fresno
1358,Noble Glover,396057763,noble.glover@gmail.com,NY,Orchard Park
1359,Octavia Donaldson,423307099,octavia.donaldson@hotmail.com,NY,Levittown
1360,Latashia Travis,184383269,latashia.travis@yahoo.com,CA,Upland
1361,Destiny Goodman,478235174,destiny.goodman@msn.com,NY,Westbury
1362,Christiana Gross,715754769,christiana.gross@yahoo.com,NY,Orchard Park
1363,Nestor Haynes,922636838,nestor.haynes@msn.com,TX,Houston
1364,Grisel Maynard,389328989,grisel.maynard@msn.com,NY,Ballston Spa
1365,Shenna Espinoza,765680521,shenna.espinoza@gmail.com,NY,Queensbury
1366,Trena Rogers,198761399,trena.rogers@aol.com,CA,Campbell
1367,Lucile Manning,315181845,lucile.manning@yahoo.com,CA,Campbell
1368,Veronique Fulton,475199802,veronique.fulton@yahoo.com,NY,Ballston Spa
1369,Starr Schneider,296605087,starr.schneider@aol.com,NY,Shirley
1370,Rona Rojas,685651817,rona.rojas@gmail.com,CA,San Jose
1371,Pandora Estes,728426724,pandora.estes@aol.com,NY,New Hyde Park
1372,Renna Williams,496658896,renna.williams@hotmail.com,NY,South Ozone Park
1373,Lanora Robbins,746906169,lanora.robbins@hotmail.com,NY,West Babylon
1374,Juliane Dillard,688920387,juliane.dillard@aol.com,CA,Glendora
1375,Carlena Salinas,630926415,carlena.salinas@gmail.com,NY,Jamaica
1376,Kimberley Reynolds,469099741,kimberley.reynolds@aol.com,NY,Port Washington
1377,Johana Jacobson,257922829,johana.jacobson@gmail.com,NY,Rochester
1378,Enoch Rosario,578885531,enoch.rosario@hotmail.com,CA,Fresno
1379,Dorine Thornton,170347444,dorine.thornton@gmail.com,NY,Sunnyside
1380,Eliz Lynch,840466756,eliz.lynch@hotmail.com,NY,Uniondale
1381,Mercedez Brooks,638317468,mercedez.brooks@hotmail.com,CA,Duarte
1382,Wynona Douglas,480137838,wynona.douglas@msn.com,TX,Harlingen
1383,Desire Mcgowan,474308953,desire.mcgowan@msn.com,CA,Bakersfield
1384,Elmo Sweeney,221279432,elmo.sweeney@yahoo.com,CA,San Carlos
1385,Kenton Hughes,952044970,kenton.hughes@gmail.com,NY,Canandaigua
1386,Cesar Wilkins,450688292,cesar.wilkins@hotmail.com,CA,San Diego
1387,Phylicia Stout,817239989,phylicia.stout@aol.com,NY,Canandaigua
1388,Nanette Harris,664831907,nanette.harris@hotmail.com,NY,East Meadow
1389,Ulrike Chan,587077084,ulrike.chan@aol.com,NY,Port Chester
1390,Genoveva Lloyd,356282858,genoveva.lloyd@aol.com,NY,Bayside
1391,Sheryl Chase,344667094,sheryl.chase@gmail.com,NY,Floral Park
1392,Trista Lambert,671463434,trista.lambert@gmail.com,NY,Fairport
1393,Vivian Deleon,806856312,vivian.deleon@msn.com,NY,Jamaica
1394,Genny Fields,372549701,genny.fields@msn.com,NY,Amityville
1395,Eliseo Knight,223912384,eliseo.knight@msn.com,NY,Woodhaven
1396,Delma Bailey,162943456,delma.bailey@gmail.com,CA,Anaheim
1397,Dewayne Herring,199054642,dewayne.herring@aol.com,NY,Webster
1398,Nevada Hood,246477445,nevada.hood@aol.com,NY,Hopewell Junction
1399,Angelika Perry,944828011,angelika.perry@msn.com,NY,Canandaigua
1400,Shayla Hart,492171286,shayla.hart@msn.com,NY,Woodhaven
1401,Willetta Murphy,461097282,willetta.murphy@msn.com,NY,East Elmhurst
1402,Sandee Alvarado,770495026,sandee.alvarado@aol.com,NY,Depew
1403,Mila Moody,353168315,mila.moody@gmail.com,NY,Troy
1404,Loyce Conway,884781181,loyce.conway@aol.com,NY,Central Islip
1405,Thanh Figueroa,927583870,thanh.figueroa@yahoo.com,NY,Mount Vernon
1406,Farrah Orr,584712681,farrah.orr@msn.com,NY,New Hyde Park
1407,Hugh Craft,614268637,hugh.craft@msn.com,NY,Centereach
1408,Eleanor Mendez,259350230,eleanor.mendez@yahoo.com,NY,Port Chester
1409,Lamar Bush,711060589,lamar.bush@msn.com,NY,Buffalo
1410,Lurlene Finch,145638876,lurlene.finch@msn.com,NY,Yonkers
1411,Shanda Stevenson,341736627,shanda.stevenson@yahoo.com,NY,Freeport
1412,Adrien Hunter,957036884,adrien.hunter@yahoo.com,NY,Rego Park
1413,Ophelia Decker,879940402,ophelia.decker@yahoo.com,NY,New Windsor
1414,Sonja Walls,949689500,sonja.walls@aol.com,NY,Queensbury
1415,Harold O'connor,938754056,harold.o'connor@gmail.com,CA,Santa Cruz
1416,Miranda Kennedy,921888190,miranda.kennedy@gmail.com,NY,Astoria
1417,Jasper Castro,212531911,jasper.castro@aol.com,TX,Forney
1418,Penni Best,914512317,penni.best@msn.com,CA,Anaheim
1419,Lurlene Cotton,973584880,lurlene.cotton@yahoo.com,CA,Pleasanton
1420,Kelsey Noble,138691381,kelsey.noble@hotmail.com,NY,Mount Vernon
1421,Edris Barrett,164243766,edris.barrett@hotmail.com,NY,Plattsburgh
1422,Tempie Jacobson,347146523,tempie.jacobson@hotmail.com,NY,Smithtown
1423,Dollie Cervantes,633071295,dollie.cervantes@aol.com,TX,Fort Worth
1424,Lashunda Cole,818953342,lashunda.cole@hotmail.com,NY,Monsey
1425,Justina Jenkins,494319837,justina.jenkins@msn.com,NY,Shirley
1426,Londa Gould,289214925,londa.gould@aol.com,TX,Corpus Christi
1427,Mikel Wilkerson,632391633,mikel.wilkerson@msn.com,CA,Atwater
1428,Carola Johns,878824454,carola.johns@msn.com,CA,Santa Cruz
1429,Lorrie Justice,249297494,lorrie.justice@gmail.com,CA,Pomona
1430,Tayna Wade,851510632,tayna.wade@hotmail.com,CA,Bakersfield
1431,Mark Benton,464534569,mark.benton@aol.com,NY,East Elmhurst
1432,Zona Cameron,346523095,zona.cameron@aol.com,NY,East Northport
1433,Nicola Knight,518104797,nicola.knight@aol.com,NY,Scarsdale
1434,Elana Miles,874036545,elana.miles@yahoo.com,NY,Liverpool
1435,Merrie Fowler,506125386,merrie.fowler@aol.com,NY,Scarsdale
1436,Macie Ayers,974716995,macie.ayers@msn.com,NY,Bellmore
1437,Son Warner,610707780,son.warner@hotmail.com,NY,Rockville Centre
1438,Lee Dunn,367477799,lee.dunn@aol.com,CA,San Jose
1439,Florrie Little,162806863,florrie.little@yahoo.com,NY,New Rochelle
1440,Ernest Rollins,630688120,ernest.rollins@yahoo.com,NY,Oakland Gardens
1441,Jamaal Morrison,301661544,jamaal.morrison@msn.com,NY,Staten Island
1442,Cassie Cline,693697357,cassie.cline@gmail.com,NY,Brooklyn
1443,Lezlie Lamb,374255815,lezlie.lamb@gmail.com,NY,Central Islip
1444,Ivette Estes,942048891,ivette.estes@gmail.com,NY,Canandaigua
1445,Ester Acevedo,966235837,ester.acevedo@gmail.com,CA,San Lorenzo
